id,status,home_score,away_score,home_team_code,away_team_code,kickoff_utc,events,home_team_name,home_team_emoji,away_team_name,away_team_emoji,stage,group_or_label,venue_name,venue_city,venue_country
2_1208418,Finished,3,0,3874,649,2024-07-09T15:30:00+00:00,W10=,Panevėžys,🇪🇺,HJK Helsinki,🇪🇺,UEFA Champions League,1st Qualifying Round,Aukštaitija stadionas,Panevėžys,Europe
2_1208410,Finished,0,1,4626,667,2024-07-09T16:45:00+00:00,W10=,Hamrun Spartans,🇪🇺,Lincoln Red Imps FC,🇪🇺,UEFA Champions League,1st Qualifying Round,MFA Centenary Stadium,Ta'Qali,Europe
2_1208406,Finished,3,0,354,3745,2024-07-09T18:00:00+00:00,W10=,The New Saints,🇪🇺,Dečić,🇪🇺,UEFA Champions League,1st Qualifying Round,Park Hall Stadium,"Oswestry / Croesoswallt, Shropshire",Europe
2_1208412,Finished,1,2,703,12733,2024-07-09T18:00:00+00:00,W10=,UE Santa Coloma,🇪🇺,Ballkani,🇪🇺,UEFA Champions League,1st Qualifying Round,Estadi Nacional,Andorra la Vella,Europe
2_1208422,Finished,0,0,278,652,2024-07-09T18:45:00+00:00,W10=,Vikingur Reykjavik,🇪🇺,Shamrock Rovers,🇪🇺,UEFA Champions League,1st Qualifying Round,Víkingsvöllur,Reykjavík,Europe
2_1208424,Finished,1,7,5308,559,2024-07-09T19:00:00+00:00,W10=,Virtus,🇪🇺,FCSB,🇪🇺,UEFA Champions League,1st Qualifying Round,Stadio Olimpico di Serravalle,Serravalle,Europe
2_1208428,Finished,0,0,692,2271,2024-07-10T15:00:00+00:00,W10=,Ordabasy,🇪🇺,Petrocub,🇪🇺,UEFA Champions League,1st Qualifying Round,Stadion Qajimuqan Muñaytpasov,Shymkent,Europe
2_1208414,Finished,0,5,687,4360,2024-07-10T16:00:00+00:00,W10=,Flora Tallinn,🇪🇺,Celje,🇪🇺,UEFA Champions League,1st Qualifying Round,A. Le Coq Arena,Tallinn,Europe
2_1208404,Finished,4,2,656,4346,2024-07-10T17:00:00+00:00,W10=,Slovan Bratislava,🇪🇺,Struga,🇪🇺,UEFA Champions League,1st Qualifying Round,Štadión Tehelné pole,Bratislava,Europe
2_1208420,Finished,3,0,4160,5354,2024-07-10T17:00:00+00:00,W10=,Rīgas FS,🇪🇺,Larne,🇪🇺,UEFA Champions League,1st Qualifying Round,LNK Sporta Parks,Riga,Europe
2_1208426,Finished,3,1,566,705,2024-07-10T18:00:00+00:00,W10=,Ludogorets,🇪🇺,Dinamo Batumi,🇪🇺,UEFA Champions League,1st Qualifying Round,Huvepharma Arena,Razgrad,Europe
2_1208416,Finished,2,0,701,684,2024-07-10T18:00:00+00:00,W10=,KI Klaksvik,🇪🇺,FC Differdange 03,🇪🇺,UEFA Champions League,1st Qualifying Round,Við Djúpumýrar,"Klaksvík, Borðoy",Europe
2_1208430,Finished,0,0,394,709,2024-07-10T18:45:00+00:00,W10=,Dinamo Minsk,🇪🇺,Pyunik Yerevan,🇪🇺,UEFA Champions League,1st Qualifying Round,Városi Stadion,Mezőkövesd,Europe
2_1208408,Finished,1,0,3364,3327,2024-07-10T19:00:00+00:00,W10=,Borac Banja Luka,🇪🇺,Egnatia Rrogozhinë,🇪🇺,UEFA Champions League,1st Qualifying Round,Gradski Stadion,Banja Luka,Europe
2_1208413,Finished,1,2,12733,703,2024-07-16T14:30:00+00:00,W10=,Ballkani,🇪🇺,UE Santa Coloma,🇪🇺,UEFA Champions League,1st Qualifying Round,Stadiumi Zahir Pajaziti,"Besiana, Podujevo",Europe
2_1208419,Finished,1,1,649,3874,2024-07-16T16:00:00+00:00,W10=,HJK Helsinki,🇪🇺,Panevėžys,🇪🇺,UEFA Champions League,1st Qualifying Round,Bolt Arena,Helsinki,Europe
2_1208411,Finished,0,1,667,4626,2024-07-16T16:00:00+00:00,W10=,Lincoln Red Imps FC,🇪🇺,Hamrun Spartans,🇪🇺,UEFA Champions League,1st Qualifying Round,Europa Point Stadium,Gibraltar,Europe
2_1208431,Finished,0,1,709,394,2024-07-16T16:00:00+00:00,W10=,Pyunik Yerevan,🇪🇺,Dinamo Minsk,🇪🇺,UEFA Champions League,1st Qualifying Round,Vazgen Sargsyan anvan Hanrapetakan Marzadasht,Yerevan,Europe
2_1208415,Finished,2,1,4360,687,2024-07-16T17:00:00+00:00,W10=,Celje,🇪🇺,Flora Tallinn,🇪🇺,UEFA Champions League,1st Qualifying Round,Stadion Z'dežele,Celje,Europe
2_1208425,Finished,4,0,559,5308,2024-07-16T17:30:00+00:00,W10=,FCSB,🇪🇺,Virtus,🇪🇺,UEFA Champions League,1st Qualifying Round,Stadionul Steaua,București,Europe
2_1208423,Finished,2,1,652,278,2024-07-16T19:00:00+00:00,W10=,Shamrock Rovers,🇪🇺,Vikingur Reykjavik,🇪🇺,UEFA Champions League,1st Qualifying Round,Tallaght Stadium,Dublin,Europe
2_1208407,Finished,1,1,3745,354,2024-07-16T19:00:00+00:00,W10=,Dečić,🇪🇺,The New Saints,🇪🇺,UEFA Champions League,1st Qualifying Round,Stadion Pod Goricom,Podgorica,Europe
2_1208405,Finished,1,2,4346,656,2024-07-17T15:00:00+00:00,W10=,Struga,🇪🇺,Slovan Bratislava,🇪🇺,UEFA Champions League,1st Qualifying Round,Stadion Biljanini Izvori,Ohrid,Europe
2_1208417,Finished,0,0,684,701,2024-07-17T17:00:00+00:00,W10=,FC Differdange 03,🇪🇺,KI Klaksvik,🇪🇺,UEFA Champions League,1st Qualifying Round,Stade Parc des Sports,Differdange,Europe
2_1208427,Finished,1,0,705,566,2024-07-17T17:00:00+00:00,W10=,Dinamo Batumi,🇪🇺,Ludogorets,🇪🇺,UEFA Champions League,1st Qualifying Round,Batumi Arena,Batumi,Europe
2_1208429,Finished,1,0,2271,692,2024-07-17T17:00:00+00:00,W10=,Petrocub,🇪🇺,Ordabasy,🇪🇺,UEFA Champions League,1st Qualifying Round,Stadionul Zimbru,Chişinău,Europe
2_1208409,Finished,2,1,3327,3364,2024-07-17T19:00:00+00:00,W10=,Egnatia Rrogozhinë,🇪🇺,Borac Banja Luka,🇪🇺,UEFA Champions League,1st Qualifying Round,Elbasan Arena,Elbasan,Europe
2_1208421,Finished,0,4,5354,4160,2024-07-17T19:00:00+00:00,W10=,Larne,🇪🇺,Rīgas FS,🇪🇺,UEFA Champions League,1st Qualifying Round,Inver Park,Larne,Europe
2_1250485,Finished,4,0,327,4160,2024-07-23T15:00:00+00:00,W10=,Bodo/Glimt,🇪🇺,Rīgas FS,🇪🇺,UEFA Champions League,2nd Qualifying Round,Aspmyra Stadion,Bodø,Europe
2_1245606,Finished,0,4,3874,336,2024-07-23T15:30:00+00:00,W10=,Panevėžys,🇪🇺,Jagiellonia,🇪🇺,UEFA Champions League,2nd Qualifying Round,Aukštaitija stadionas,Panevėžys,Europe
2_1245598,Finished,0,2,667,556,2024-07-23T16:00:00+00:00,W10=,Lincoln Red Imps FC,🇪🇺,Qarabag,🇪🇺,UEFA Champions League,2nd Qualifying Round,Europa Point Stadium,Gibraltar,Europe
2_1250489,Finished,4,1,375,701,2024-07-23T17:00:00+00:00,W10=,Malmo FF,🇪🇺,KI Klaksvik,🇪🇺,UEFA Champions League,2nd Qualifying Round,Eleda Stadion,Malmö,Europe
2_1250487,Finished,1,0,2247,2271,2024-07-23T17:00:00+00:00,W10=,Apoel Nicosia,🇪🇺,Petrocub,🇪🇺,UEFA Champions League,2nd Qualifying Round,Neo GSP,Levkosía,Europe
2_1245604,Finished,1,1,559,604,2024-07-23T17:30:00+00:00,W10=,FCSB,🇪🇺,Maccabi Tel Aviv,🇪🇺,UEFA Champions League,2nd Qualifying Round,Stadionul Steaua,București,Europe
2_1209237,Finished,6,2,572,573,2024-07-23T18:00:00+00:00,W10=,Dynamo Kyiv,🇪🇺,FK Partizan,🇪🇺,UEFA Champions League,2nd Qualifying Round,Arena Lublin,Lublin,Europe
2_1245608,Finished,5,0,651,354,2024-07-23T18:00:00+00:00,W10=,Ferencvarosi TC,🇪🇺,The New Saints,🇪🇺,UEFA Champions League,2nd Qualifying Round,Groupama Aréna,Budapest,Europe
2_1245602,Finished,0,3,703,397,2024-07-23T18:00:00+00:00,W10=,UE Santa Coloma,🇪🇺,FC Midtjylland,🇪🇺,UEFA Champions League,2nd Qualifying Round,Estadi Nacional,Andorra la Vella,Europe
2_1209235,Finished,3,4,606,611,2024-07-23T18:30:00+00:00,W10=,FC Lugano,🇪🇺,Fenerbahçe,🇪🇺,UEFA Champions League,2nd Qualifying Round,Stockhorn Arena,Thun,Europe
2_1245600,Finished,0,2,652,628,2024-07-23T19:00:00+00:00,W10=,Shamrock Rovers,🇪🇺,Sparta Praha,🇪🇺,UEFA Champions League,2nd Qualifying Round,Tallaght Stadium,Dublin,Europe
2_1250491,Finished,3,2,619,3364,2024-07-24T17:30:00+00:00,W10=,PAOK,🇪🇺,Borac Banja Luka,🇪🇺,UEFA Champions League,2nd Qualifying Round,Stadio Toumbas,Thessaloníki,Europe
2_1250481,Finished,2,0,566,394,2024-07-24T18:00:00+00:00,W10=,Ludogorets,🇪🇺,Dinamo Minsk,🇪🇺,UEFA Champions League,2nd Qualifying Round,Huvepharma Arena,Razgrad,Europe
2_1250483,Finished,1,1,4360,656,2024-07-24T18:15:00+00:00,W10=,Celje,🇪🇺,Slovan Bratislava,🇪🇺,UEFA Champions League,2nd Qualifying Round,Stadion Z'dežele,Celje,Europe
2_1245599,Finished,5,0,556,667,2024-07-30T16:00:00+00:00,W10=,Qarabag,🇪🇺,Lincoln Red Imps FC,🇪🇺,UEFA Champions League,2nd Qualifying Round,Tofiq Bəhramov adına Respublika stadionu,Baku,Europe
2_1209236,Finished,2,1,611,606,2024-07-30T17:00:00+00:00,W10=,Fenerbahçe,🇪🇺,FC Lugano,🇪🇺,UEFA Champions League,2nd Qualifying Round,Ülker Stadyumu Fenerbahçe Şükrü Saracoğlu Spor Kompleksi,İstanbul,Europe
2_1245601,Finished,4,2,628,652,2024-07-30T17:00:00+00:00,W10=,Sparta Praha,🇪🇺,Shamrock Rovers,🇪🇺,UEFA Champions League,2nd Qualifying Round,epet ARENA,Praha,Europe
2_1250488,Finished,1,1,2271,2247,2024-07-30T17:00:00+00:00,W10=,Petrocub,🇪🇺,Apoel Nicosia,🇪🇺,UEFA Champions League,2nd Qualifying Round,Stadionul Zimbru,Chişinău,Europe
2_1245609,Finished,1,2,354,651,2024-07-30T18:00:00+00:00,W10=,The New Saints,🇪🇺,Ferencvarosi TC,🇪🇺,UEFA Champions League,2nd Qualifying Round,Park Hall Stadium,"Oswestry / Croesoswallt, Shropshire",Europe
2_1250484,Finished,5,0,656,4360,2024-07-30T18:30:00+00:00,W10=,Slovan Bratislava,🇪🇺,Celje,🇪🇺,UEFA Champions League,2nd Qualifying Round,Štadión Tehelné pole,Bratislava,Europe
2_1250490,Finished,3,2,701,375,2024-07-30T18:45:00+00:00,W10=,KI Klaksvik,🇪🇺,Malmo FF,🇪🇺,UEFA Champions League,2nd Qualifying Round,Við Djúpumýrar,"Klaksvík, Borðoy",Europe
2_1250486,Finished,1,3,4160,327,2024-07-31T17:00:00+00:00,W10=,Rīgas FS,🇪🇺,Bodo/Glimt,🇪🇺,UEFA Champions League,2nd Qualifying Round,LNK Sporta Parks,Riga,Europe
2_1245603,Finished,1,0,397,703,2024-07-31T17:15:00+00:00,W10=,FC Midtjylland,🇪🇺,UE Santa Coloma,🇪🇺,UEFA Champions League,2nd Qualifying Round,MCH Arena,Herning,Europe
2_1209238,Finished,0,3,573,572,2024-07-31T18:00:00+00:00,W10=,FK Partizan,🇪🇺,Dynamo Kyiv,🇪🇺,UEFA Champions League,2nd Qualifying Round,Stadion Partizana,Beograd,Europe
2_1245605,Finished,0,1,604,559,2024-07-31T18:00:00+00:00,W10=,Maccabi Tel Aviv,🇪🇺,FCSB,🇪🇺,UEFA Champions League,2nd Qualifying Round,Bozsik Aréna,Budapest,Europe
2_1245607,Finished,3,1,336,3874,2024-07-31T18:30:00+00:00,W10=,Jagiellonia,🇪🇺,Panevėžys,🇪🇺,UEFA Champions League,2nd Qualifying Round,Stadion Miejski,Białystok,Europe
2_1250482,Finished,1,0,394,566,2024-07-31T18:45:00+00:00,W10=,Dinamo Minsk,🇪🇺,Ludogorets,🇪🇺,UEFA Champions League,2nd Qualifying Round,Városi Stadion,Mezőkövesd,Europe
2_1250492,Finished,0,1,3364,619,2024-07-31T19:00:00+00:00,W10=,Borac Banja Luka,🇪🇺,PAOK,🇪🇺,UEFA Champions League,2nd Qualifying Round,Gradski Stadion,Banja Luka,Europe
2_1273677,Finished,1,2,556,566,2024-08-06T16:00:00+00:00,W10=,Qarabag,🇪🇺,Ludogorets,🇪🇺,UEFA Champions League,3rd Qualifying Round,Tofiq Bəhramov adına Respublika stadionu,Baku,Europe
2_1273681,Finished,2,2,375,619,2024-08-06T17:00:00+00:00,W10=,Malmo FF,🇪🇺,PAOK,🇪🇺,UEFA Champions League,3rd Qualifying Round,Eleda Stadion,Malmö,Europe
2_1273683,Finished,2,0,397,651,2024-08-06T17:15:00+00:00,W10=,FC Midtjylland,🇪🇺,Ferencvarosi TC,🇪🇺,UEFA Champions League,3rd Qualifying Round,MCH Arena,Herning,Europe
2_1273687,Finished,1,1,572,257,2024-08-06T18:00:00+00:00,W10=,Dynamo Kyiv,🇪🇺,Rangers,🇪🇺,UEFA Champions League,3rd Qualifying Round,Arena Lublin,Lublin,Europe
2_1273679,Finished,1,1,628,559,2024-08-06T18:00:00+00:00,W10=,Sparta Praha,🇪🇺,FCSB,🇪🇺,UEFA Champions League,3rd Qualifying Round,epet ARENA,Praha,Europe
2_1271720,Finished,2,1,79,611,2024-08-06T18:30:00+00:00,W10=,Lille,🇪🇺,Fenerbahçe,🇪🇺,UEFA Champions League,3rd Qualifying Round,Stade du Hainaut,Valenciennes,Europe
2_1253319,Finished,2,1,571,415,2024-08-06T18:45:00+00:00,W10=,Red Bull Salzburg,🇪🇺,Twente,🇪🇺,UEFA Champions League,3rd Qualifying Round,Red Bull Arena,Wals-Siezenheim,Europe
2_1253317,Finished,3,1,560,1393,2024-08-07T17:00:00+00:00,W10=,Slavia Praha,🇪🇺,Union St. Gilloise,🇪🇺,UEFA Champions League,3rd Qualifying Round,Fortuna Arena,Praha,Europe
2_1271718,Finished,2,0,656,2247,2024-08-07T18:30:00+00:00,W10=,Slovan Bratislava,🇪🇺,Apoel Nicosia,🇪🇺,UEFA Champions League,3rd Qualifying Round,Štadión Tehelné pole,Bratislava,Europe
2_1273685,Finished,0,1,336,327,2024-08-07T18:45:00+00:00,W10=,Jagiellonia,🇪🇺,Bodo/Glimt,🇪🇺,UEFA Champions League,3rd Qualifying Round,Stadion Miejski,Białystok,Europe
2_1273686,Finished,4,1,327,336,2024-08-13T17:00:00+00:00,W10=,Bodo/Glimt,🇪🇺,Jagiellonia,🇪🇺,UEFA Champions League,3rd Qualifying Round,Aspmyra Stadion,Bodø,Europe
2_1253320,Finished,3,3,415,571,2024-08-13T17:00:00+00:00,W10=,Twente,🇪🇺,Red Bull Salzburg,🇪🇺,UEFA Champions League,3rd Qualifying Round,De Grolsch Veste,Enschede,Europe
2_1271721,Finished,1,1,611,79,2024-08-13T17:00:00+00:00,W10=,Fenerbahçe,🇪🇺,Lille,🇪🇺,UEFA Champions League,3rd Qualifying Round,Ülker Stadyumu Fenerbahçe Şükrü Saracoğlu Spor Kompleksi,İstanbul,Europe
2_1271719,Finished,0,0,2247,656,2024-08-13T17:00:00+00:00,W10=,Apoel Nicosia,🇪🇺,Slovan Bratislava,🇪🇺,UEFA Champions League,3rd Qualifying Round,Neo GSP,Levkosía,Europe
2_1273682,Finished,3,4,619,375,2024-08-13T17:30:00+00:00,W10=,PAOK,🇪🇺,Malmo FF,🇪🇺,UEFA Champions League,3rd Qualifying Round,Stadio Toumbas,Thessaloníki,Europe
2_1273678,Finished,2,7,566,556,2024-08-13T18:00:00+00:00,W10=,Ludogorets,🇪🇺,Qarabag,🇪🇺,UEFA Champions League,3rd Qualifying Round,Huvepharma Arena,Razgrad,Europe
2_1273684,Finished,1,1,651,397,2024-08-13T18:00:00+00:00,W10=,Ferencvarosi TC,🇪🇺,FC Midtjylland,🇪🇺,UEFA Champions League,3rd Qualifying Round,Groupama Aréna,Budapest,Europe
2_1273680,Finished,2,3,559,628,2024-08-13T18:30:00+00:00,W10=,FCSB,🇪🇺,Sparta Praha,🇪🇺,UEFA Champions League,3rd Qualifying Round,Stadionul Steaua,București,Europe
2_1253318,Finished,0,1,1393,560,2024-08-13T18:30:00+00:00,W10=,Union St. Gilloise,🇪🇺,Slavia Praha,🇪🇺,UEFA Champions League,3rd Qualifying Round,Lotto Park,Brussel,Europe
2_1273688,Finished,0,2,257,572,2024-08-13T18:45:00+00:00,W10=,Rangers,🇪🇺,Dynamo Kyiv,🇪🇺,UEFA Champions League,3rd Qualifying Round,Hampden Park,Glasgow,Europe
2_1286255,Finished,2,0,79,560,2024-08-20T19:00:00+00:00,W10=,Lille,🇪🇺,Slavia Praha,🇪🇺,UEFA Champions League,Play-offs,Stade du Hainaut,Valenciennes,Europe
2_1286251,Finished,2,1,327,598,2024-08-20T19:00:00+00:00,W10=,Bodo/Glimt,🇪🇺,FK Crvena Zvezda,🇪🇺,UEFA Champions League,Play-offs,Aspmyra Stadion,Bodø,Europe
2_1286247,Finished,3,0,620,556,2024-08-20T19:00:00+00:00,W10=,Dinamo Zagreb,🇪🇺,Qarabag,🇪🇺,UEFA Champions League,Play-offs,Stadion Maksimir,Zagreb,Europe
2_1286253,Finished,0,2,375,628,2024-08-21T19:00:00+00:00,W10=,Malmo FF,🇪🇺,Sparta Praha,🇪🇺,UEFA Champions League,Play-offs,Eleda Stadion,Malmö,Europe
2_1286249,Finished,1,1,397,656,2024-08-21T19:00:00+00:00,W10=,FC Midtjylland,🇪🇺,Slovan Bratislava,🇪🇺,UEFA Champions League,Play-offs,MCH Arena,Herning,Europe
2_1280666,Finished,3,2,565,645,2024-08-21T19:00:00+00:00,W10=,BSC Young Boys,🇪🇺,Galatasaray,🇪🇺,UEFA Champions League,Play-offs,Stadion Wankdorf,Bern,Europe
2_1286257,Finished,0,2,572,571,2024-08-21T19:00:00+00:00,W10=,Dynamo Kyiv,🇪🇺,Red Bull Salzburg,🇪🇺,UEFA Champions League,Play-offs,Arena Lublin,Lublin,Europe
2_1286258,Finished,1,1,571,572,2024-08-27T19:00:00+00:00,W10=,Red Bull Salzburg,🇪🇺,Dynamo Kyiv,🇪🇺,UEFA Champions League,Play-offs,Red Bull Arena,Wals-Siezenheim,Europe
2_1286254,Finished,2,0,628,375,2024-08-27T19:00:00+00:00,W10=,Sparta Praha,🇪🇺,Malmo FF,🇪🇺,UEFA Champions League,Play-offs,epet ARENA,Praha,Europe
2_1280667,Finished,0,1,645,565,2024-08-27T19:00:00+00:00,W10=,Galatasaray,🇪🇺,BSC Young Boys,🇪🇺,UEFA Champions League,Play-offs,RAMS Park,İstanbul,Europe
2_1286248,Finished,0,2,556,620,2024-08-28T16:45:00+00:00,W10=,Qarabag,🇪🇺,Dinamo Zagreb,🇪🇺,UEFA Champions League,Play-offs,Tofiq Bəhramov adına Respublika stadionu,Baku,Europe
2_1286256,Finished,2,1,560,79,2024-08-28T19:00:00+00:00,W10=,Slavia Praha,🇪🇺,Lille,🇪🇺,UEFA Champions League,Play-offs,Fortuna Arena,Praha,Europe
2_1286252,Finished,2,0,598,327,2024-08-28T19:00:00+00:00,W10=,FK Crvena Zvezda,🇪🇺,Bodo/Glimt,🇪🇺,UEFA Champions League,Play-offs,Stadion Rajko Mitić,Beograd,Europe
2_1286250,Finished,3,2,656,397,2024-08-28T19:00:00+00:00,W10=,Slovan Bratislava,🇪🇺,FC Midtjylland,🇪🇺,UEFA Champions League,Play-offs,Štadión Tehelné pole,Bratislava,Europe
2_1298984,Finished,3,1,496,197,2024-09-17T16:45:00+00:00,W10=,Juventus,⚪️⚫️,PSV Eindhoven,🇪🇺,UEFA Champions League,League Stage - 1,Allianz Stadium,Torino,Europe
2_1298985,Finished,0,3,565,66,2024-09-17T16:45:00+00:00,W10=,BSC Young Boys,🇪🇺,Aston Villa,🇪🇺,UEFA Champions League,League Stage - 1,Stadion Wankdorf,Bern,Europe
2_1298986,Finished,9,2,157,620,2024-09-17T19:00:00+00:00,W10=,Bayern München,🇪🇺,Dinamo Zagreb,🇪🇺,UEFA Champions League,League Stage - 1,Allianz Arena,München,Europe
2_1298988,Finished,2,0,228,79,2024-09-17T19:00:00+00:00,W10=,Sporting CP,🇪🇺,Lille,🇪🇺,UEFA Champions League,League Stage - 1,Estádio José Alvalade,Lisboa,Europe
2_1298987,Finished,1,3,489,40,2024-09-17T19:00:00+00:00,W10=,AC Milan,🔴⚫️,Liverpool,🔴,UEFA Champions League,League Stage - 1,Stadio Giuseppe Meazza,Milano,Europe
2_1298989,Finished,3,1,541,172,2024-09-17T19:00:00+00:00,W10=,Real Madrid,⚪️,VfB Stuttgart,🇪🇺,UEFA Champions League,League Stage - 1,Estadio Santiago Bernabéu,Madrid,Europe
2_1298990,Finished,0,0,500,550,2024-09-18T16:45:00+00:00,W10=,Bologna,🇪🇺,Shakhtar Donetsk,🇪🇺,UEFA Champions League,League Stage - 1,Stadio Renato Dall'Ara,Bologna,Europe
2_1298991,Finished,3,0,628,571,2024-09-18T16:45:00+00:00,W10=,Sparta Praha,🇪🇺,Red Bull Salzburg,🇪🇺,UEFA Champions League,League Stage - 1,epet ARENA,Praha,Europe
2_1298994,Finished,0,0,50,505,2024-09-18T19:00:00+00:00,W10=,Manchester City,🔵,Inter,🔵⚫️,UEFA Champions League,League Stage - 1,Etihad Stadium,Manchester,Europe
2_1298995,Finished,1,0,85,547,2024-09-18T19:00:00+00:00,W10=,Paris Saint Germain,🔵🔴,Girona,🇪🇺,UEFA Champions League,League Stage - 1,Parc des Princes,Paris,Europe
2_1298992,Finished,5,1,247,656,2024-09-18T19:00:00+00:00,W10=,Celtic,🇪🇺,Slovan Bratislava,🇪🇺,UEFA Champions League,League Stage - 1,Celtic Park,Glasgow,Europe
2_1298993,Finished,0,3,569,165,2024-09-18T19:00:00+00:00,W10=,Club Brugge KV,🇪🇺,Borussia Dortmund,🟡,UEFA Champions League,League Stage - 1,Jan Breydelstadion,Brugge,Europe
2_1298997,Finished,0,4,209,168,2024-09-19T16:45:00+00:00,W10=,Feyenoord,🇪🇺,Bayer Leverkusen,🇪🇺,UEFA Champions League,League Stage - 1,Stadion Feijenoord,Rotterdam,Europe
2_1298996,Finished,1,2,598,211,2024-09-19T16:45:00+00:00,W10=,FK Crvena Zvezda,🇪🇺,Benfica,🇪🇺,UEFA Champions League,League Stage - 1,Stadion Rajko Mitić,Beograd,Europe
2_1299001,Finished,2,1,91,529,2024-09-19T19:00:00+00:00,W10=,Monaco,🇪🇺,Barcelona,🔵🔴,UEFA Champions League,League Stage - 1,Stade Louis-II,Monaco,Europe
2_1299000,Finished,2,1,106,637,2024-09-19T19:00:00+00:00,W10=,Stade Brestois 29,🇪🇺,Sturm Graz,🇪🇺,UEFA Champions League,League Stage - 1,Stade du Roudourou,Guingamp,Europe
2_1298998,Finished,0,0,499,42,2024-09-19T19:00:00+00:00,W10=,Atalanta,🇪🇺,Arsenal,🔴⚪️,UEFA Champions League,League Stage - 1,Gewiss Stadium,Bergamo,Europe
2_1298999,Finished,2,1,530,173,2024-09-19T19:00:00+00:00,W10=,Atletico Madrid,🔴⚪️,RB Leipzig,🇪🇺,UEFA Champions League,League Stage - 1,Estádio Cívitas Metropolitano,Madrid,Europe
2_1299003,Finished,1,1,172,628,2024-10-01T16:45:00+00:00,W10=,VfB Stuttgart,🇪🇺,Sparta Praha,🇪🇺,UEFA Champions League,League Stage - 2,MHPArena,Stuttgart,Europe
2_1299002,Finished,0,4,571,106,2024-10-01T16:45:00+00:00,W10=,Red Bull Salzburg,🇪🇺,Stade Brestois 29,🇪🇺,UEFA Champions League,League Stage - 2,Red Bull Arena,Wals-Siezenheim,Europe
2_1299010,Finished,2,0,42,85,2024-10-01T19:00:00+00:00,W10=,Arsenal,🔴⚪️,Paris Saint Germain,🔵🔴,UEFA Champions League,League Stage - 2,Emirates Stadium,London,Europe
2_1299006,Finished,7,1,165,247,2024-10-01T19:00:00+00:00,W10=,Borussia Dortmund,🟡,Celtic,🇪🇺,UEFA Champions League,League Stage - 2,SIGNAL IDUNA PARK,Dortmund,Europe
2_1299005,Finished,1,0,168,489,2024-10-01T19:00:00+00:00,W10=,Bayer Leverkusen,🇪🇺,AC Milan,🔴⚫️,UEFA Champions League,League Stage - 2,BayArena,Leverkusen,Europe
2_1299008,Finished,1,1,197,228,2024-10-01T19:00:00+00:00,W10=,PSV Eindhoven,🇪🇺,Sporting CP,🇪🇺,UEFA Champions League,League Stage - 2,Philips Stadion,Eindhoven,Europe
2_1299007,Finished,4,0,505,598,2024-10-01T19:00:00+00:00,W10=,Inter,🔵⚫️,FK Crvena Zvezda,🇪🇺,UEFA Champions League,League Stage - 2,Stadio Giuseppe Meazza,Milano,Europe
2_1299004,Finished,5,0,529,565,2024-10-01T19:00:00+00:00,W10=,Barcelona,🔵🔴,BSC Young Boys,🇪🇺,UEFA Champions League,League Stage - 2,Estadi Olímpic Lluís Companys,Barcelona,Europe
2_1299009,Finished,0,4,656,50,2024-10-01T19:00:00+00:00,W10=,Slovan Bratislava,🇪🇺,Manchester City,🔵,UEFA Champions League,League Stage - 2,Štadión Tehelné pole,Bratislava,Europe
2_1299011,Finished,2,3,547,209,2024-10-02T16:45:00+00:00,W10=,Girona,🇪🇺,Feyenoord,🇪🇺,UEFA Champions League,League Stage - 2,Estadi Municipal de Montilivi,Girona,Europe
2_1299012,Finished,0,3,550,499,2024-10-02T16:45:00+00:00,W10=,Shakhtar Donetsk,🇪🇺,Atalanta,🇪🇺,UEFA Champions League,League Stage - 2,VELTINS-Arena,Gelsenkirchen,Europe
2_1299017,Finished,2,0,40,500,2024-10-02T19:00:00+00:00,W10=,Liverpool,🔴,Bologna,🇪🇺,UEFA Champions League,League Stage - 2,Anfield,Liverpool,Europe
2_1299013,Finished,1,0,66,157,2024-10-02T19:00:00+00:00,W10=,Aston Villa,🇪🇺,Bayern München,🇪🇺,UEFA Champions League,League Stage - 2,Villa Park,Birmingham,Europe
2_1299016,Finished,1,0,79,541,2024-10-02T19:00:00+00:00,W10=,Lille,🇪🇺,Real Madrid,⚪️,UEFA Champions League,League Stage - 2,Decathlon Arena - Stade Pierre-Mauroy,Villeneuve d'Ascq,Europe
2_1299018,Finished,2,3,173,496,2024-10-02T19:00:00+00:00,W10=,RB Leipzig,🇪🇺,Juventus,⚪️⚫️,UEFA Champions League,League Stage - 2,Red Bull Arena,Leipzig,Europe
2_1299014,Finished,4,0,211,530,2024-10-02T19:00:00+00:00,W10=,Benfica,🇪🇺,Atletico Madrid,🔴⚪️,UEFA Champions League,League Stage - 2,Estádio do Sport Lisboa e Benfica,Lisboa,Europe
2_1299015,Finished,2,2,620,91,2024-10-02T19:00:00+00:00,W10=,Dinamo Zagreb,🇪🇺,Monaco,🇪🇺,UEFA Champions League,League Stage - 2,Stadion Maksimir,Zagreb,Europe
2_1299019,Finished,0,1,637,569,2024-10-02T19:00:00+00:00,W10=,Sturm Graz,🇪🇺,Club Brugge KV,🇪🇺,UEFA Champions League,League Stage - 2,28 Black Arena,Klagenfurt am Wörthersee,Europe
2_1299021,Finished,5,1,91,598,2024-10-22T16:45:00+00:00,W10=,Monaco,🇪🇺,FK Crvena Zvezda,🇪🇺,UEFA Champions League,League Stage - 3,Stade Louis-II,Monaco,Europe
2_1299020,Finished,3,1,489,569,2024-10-22T16:45:00+00:00,W10=,AC Milan,🔴⚫️,Club Brugge KV,🇪🇺,UEFA Champions League,League Stage - 3,Stadio Giuseppe Meazza,Milano,Europe
2_1299027,Finished,1,0,42,550,2024-10-22T19:00:00+00:00,W10=,Arsenal,🔴⚪️,Shakhtar Donetsk,🇪🇺,UEFA Champions League,League Stage - 3,Emirates Stadium,London,Europe
2_1299022,Finished,2,0,66,500,2024-10-22T19:00:00+00:00,W10=,Aston Villa,🇪🇺,Bologna,🇪🇺,UEFA Champions League,League Stage - 3,Villa Park,Birmingham,Europe
2_1299025,Finished,1,1,85,197,2024-10-22T19:00:00+00:00,W10=,Paris Saint Germain,🔵🔴,PSV Eindhoven,🇪🇺,UEFA Champions League,League Stage - 3,Parc des Princes,Paris,Europe
2_1299024,Finished,0,1,496,172,2024-10-22T19:00:00+00:00,W10=,Juventus,⚪️⚫️,VfB Stuttgart,🇪🇺,UEFA Champions League,League Stage - 3,Allianz Stadium,Torino,Europe
2_1299028,Finished,5,2,541,165,2024-10-22T19:00:00+00:00,W10=,Real Madrid,⚪️,Borussia Dortmund,🟡,UEFA Champions League,League Stage - 3,Estadio Santiago Bernabéu,Madrid,Europe
2_1299023,Finished,2,0,547,656,2024-10-22T19:00:00+00:00,W10=,Girona,🇪🇺,Slovan Bratislava,🇪🇺,UEFA Champions League,League Stage - 3,Estadi Municipal de Montilivi,Girona,Europe
2_1299026,Finished,0,2,637,228,2024-10-22T19:00:00+00:00,W10=,Sturm Graz,🇪🇺,Sporting CP,🇪🇺,UEFA Champions League,League Stage - 3,28 Black Arena,Klagenfurt am Wörthersee,Europe
2_1299030,Finished,1,1,106,168,2024-10-23T16:45:00+00:00,W10=,Stade Brestois 29,🇪🇺,Bayer Leverkusen,🇪🇺,UEFA Champions League,League Stage - 3,Stade du Roudourou,Guingamp,Europe
2_1299029,Finished,0,0,499,247,2024-10-23T16:45:00+00:00,W10=,Atalanta,🇪🇺,Celtic,🇪🇺,UEFA Champions League,League Stage - 3,Gewiss Stadium,Bergamo,Europe
2_1299035,Finished,5,0,50,628,2024-10-23T19:00:00+00:00,W10=,Manchester City,🔵,Sparta Praha,🇪🇺,UEFA Champions League,League Stage - 3,Etihad Stadium,Manchester,Europe
2_1299036,Finished,0,1,173,40,2024-10-23T19:00:00+00:00,W10=,RB Leipzig,🇪🇺,Liverpool,🔴,UEFA Champions League,League Stage - 3,Red Bull Arena,Leipzig,Europe
2_1299033,Finished,1,3,211,209,2024-10-23T19:00:00+00:00,W10=,Benfica,🇪🇺,Feyenoord,🇪🇺,UEFA Champions League,League Stage - 3,Estádio do Sport Lisboa e Benfica,Lisboa,Europe
2_1299032,Finished,4,1,529,157,2024-10-23T19:00:00+00:00,W10=,Barcelona,🔵🔴,Bayern München,🇪🇺,UEFA Champions League,League Stage - 3,Estadi Olímpic Lluís Companys,Barcelona,Europe
2_1299031,Finished,1,3,530,79,2024-10-23T19:00:00+00:00,W10=,Atletico Madrid,🔴⚪️,Lille,🇪🇺,UEFA Champions League,League Stage - 3,Riyadh Air Metropolitano,Madrid,Europe
2_1299037,Finished,0,1,565,505,2024-10-23T19:00:00+00:00,W10=,BSC Young Boys,🇪🇺,Inter,🔵⚫️,UEFA Champions League,League Stage - 3,Stadion Wankdorf,Bern,Europe
2_1299034,Finished,0,2,571,620,2024-10-23T19:00:00+00:00,W10=,Red Bull Salzburg,🇪🇺,Dinamo Zagreb,🇪🇺,UEFA Champions League,League Stage - 3,Red Bull Arena,Wals-Siezenheim,Europe
2_1299038,Finished,4,0,197,547,2024-11-05T17:45:00+00:00,W10=,PSV Eindhoven,🇪🇺,Girona,🇪🇺,UEFA Champions League,League Stage - 4,Philips Stadion,Eindhoven,Europe
2_1299039,Finished,1,4,656,620,2024-11-05T17:45:00+00:00,W10=,Slovan Bratislava,🇪🇺,Dinamo Zagreb,🇪🇺,UEFA Champions League,League Stage - 4,Štadión Tehelné pole,Bratislava,Europe
2_1299044,Finished,4,0,40,168,2024-11-05T20:00:00+00:00,W10=,Liverpool,🔴,Bayer Leverkusen,🇪🇺,UEFA Champions League,League Stage - 4,Anfield,Liverpool,Europe
2_1299043,Finished,1,1,79,496,2024-11-05T20:00:00+00:00,W10=,Lille,🇪🇺,Juventus,⚪️⚫️,UEFA Champions League,League Stage - 4,Decathlon Arena - Stade Pierre-Mauroy,Villeneuve d'Ascq,Europe
2_1299041,Finished,1,0,165,637,2024-11-05T20:00:00+00:00,W10=,Borussia Dortmund,🟡,Sturm Graz,🇪🇺,UEFA Champions League,League Stage - 4,SIGNAL IDUNA PARK,Dortmund,Europe
2_1299045,Finished,4,1,228,50,2024-11-05T20:00:00+00:00,W10=,Sporting CP,🇪🇺,Manchester City,🔵,UEFA Champions League,League Stage - 4,Estádio José Alvalade,Lisboa,Europe
2_1299042,Finished,3,1,247,173,2024-11-05T20:00:00+00:00,W10=,Celtic,🇪🇺,RB Leipzig,🇪🇺,UEFA Champions League,League Stage - 4,Celtic Park,Glasgow,Europe
2_1299040,Finished,0,1,500,91,2024-11-05T20:00:00+00:00,W10=,Bologna,🇪🇺,Monaco,🇪🇺,UEFA Champions League,League Stage - 4,Stadio Renato Dall'Ara,Bologna,Europe
2_1299046,Finished,1,3,541,489,2024-11-05T20:00:00+00:00,W10=,Real Madrid,⚪️,AC Milan,🔴⚫️,UEFA Champions League,League Stage - 4,Estadio Santiago Bernabéu,Madrid,Europe
2_1299048,Finished,2,1,550,565,2024-11-06T17:45:00+00:00,W10=,Shakhtar Donetsk,🇪🇺,BSC Young Boys,🇪🇺,UEFA Champions League,League Stage - 4,VELTINS-Arena,Gelsenkirchen,Europe
2_1299047,Finished,1,0,569,66,2024-11-06T17:45:00+00:00,W10=,Club Brugge KV,🇪🇺,Aston Villa,🇪🇺,UEFA Champions League,League Stage - 4,Jan Breydelstadion,Brugge,Europe
2_1299053,Finished,1,2,85,530,2024-11-06T20:00:00+00:00,W10=,Paris Saint Germain,🔵🔴,Atletico Madrid,🔴⚪️,UEFA Champions League,League Stage - 4,Parc des Princes,Paris,Europe
2_1299050,Finished,1,0,157,211,2024-11-06T20:00:00+00:00,W10=,Bayern München,🇪🇺,Benfica,🇪🇺,UEFA Champions League,League Stage - 4,Allianz Arena,München,Europe
2_1299055,Finished,0,2,172,499,2024-11-06T20:00:00+00:00,W10=,VfB Stuttgart,🇪🇺,Atalanta,🇪🇺,UEFA Champions League,League Stage - 4,MHPArena,Stuttgart,Europe
2_1299051,Finished,1,3,209,571,2024-11-06T20:00:00+00:00,W10=,Feyenoord,🇪🇺,Red Bull Salzburg,🇪🇺,UEFA Champions League,League Stage - 4,Stadion Feijenoord,Rotterdam,Europe
2_1299052,Finished,1,0,505,42,2024-11-06T20:00:00+00:00,W10=,Inter,🔵⚫️,Arsenal,🔴⚪️,UEFA Champions League,League Stage - 4,Stadio Giuseppe Meazza,Milano,Europe
2_1299049,Finished,2,5,598,529,2024-11-06T20:00:00+00:00,W10=,FK Crvena Zvezda,🇪🇺,Barcelona,🔵🔴,UEFA Champions League,League Stage - 4,Stadion Rajko Mitić,Beograd,Europe
2_1299054,Finished,1,2,628,106,2024-11-06T20:00:00+00:00,W10=,Sparta Praha,🇪🇺,Stade Brestois 29,🇪🇺,UEFA Champions League,League Stage - 4,epet ARENA,Praha,Europe
2_1299057,Finished,0,6,628,530,2024-11-26T17:45:00+00:00,W10=,Sparta Praha,🇪🇺,Atletico Madrid,🔴⚪️,UEFA Champions League,League Stage - 5,epet ARENA,Praha,Europe
2_1299056,Finished,2,3,656,489,2024-11-26T17:45:00+00:00,W10=,Slovan Bratislava,🇪🇺,AC Milan,🔴⚫️,UEFA Champions League,League Stage - 5,Štadión Tehelné pole,Bratislava,Europe
2_1299062,Finished,3,3,50,209,2024-11-26T20:00:00+00:00,W10=,Manchester City,🔵,Feyenoord,🇪🇺,UEFA Champions League,League Stage - 5,Etihad Stadium,Manchester,Europe
2_1299060,Finished,1,0,157,85,2024-11-26T20:00:00+00:00,W10=,Bayern München,🇪🇺,Paris Saint Germain,🔵🔴,UEFA Champions League,League Stage - 5,Allianz Arena,München,Europe
2_1299059,Finished,5,0,168,571,2024-11-26T20:00:00+00:00,W10=,Bayer Leverkusen,🇪🇺,Red Bull Salzburg,🇪🇺,UEFA Champions League,League Stage - 5,BayArena,Leverkusen,Europe
2_1299063,Finished,1,5,228,42,2024-11-26T20:00:00+00:00,W10=,Sporting CP,🇪🇺,Arsenal,🔴⚪️,UEFA Champions League,League Stage - 5,Estádio José Alvalade,Lisboa,Europe
2_1299061,Finished,1,0,505,173,2024-11-26T20:00:00+00:00,W10=,Inter,🔵⚫️,RB Leipzig,🇪🇺,UEFA Champions League,League Stage - 5,Stadio Giuseppe Meazza,Milano,Europe
2_1299058,Finished,3,0,529,106,2024-11-26T20:00:00+00:00,W10=,Barcelona,🔵🔴,Stade Brestois 29,🇪🇺,UEFA Champions League,League Stage - 5,Estadi Olímpic Lluís Companys,Barcelona,Europe
2_1299064,Finished,1,6,565,499,2024-11-26T20:00:00+00:00,W10=,BSC Young Boys,🇪🇺,Atalanta,🇪🇺,UEFA Champions League,League Stage - 5,Stadion Wankdorf,Bern,Europe
2_1299065,Finished,5,1,598,172,2024-11-27T17:45:00+00:00,W10=,FK Crvena Zvezda,🇪🇺,VfB Stuttgart,🇪🇺,UEFA Champions League,League Stage - 5,Stadion Rajko Mitić,Beograd,Europe
2_1299066,Finished,1,0,637,547,2024-11-27T17:45:00+00:00,W10=,Sturm Graz,🇪🇺,Girona,🇪🇺,UEFA Champions League,League Stage - 5,28 Black Arena,Klagenfurt am Wörthersee,Europe
2_1299071,Finished,2,0,40,541,2024-11-27T20:00:00+00:00,W10=,Liverpool,🔴,Real Madrid,⚪️,UEFA Champions League,League Stage - 5,Anfield,Liverpool,Europe
2_1299067,Finished,0,0,66,496,2024-11-27T20:00:00+00:00,W10=,Aston Villa,🇪🇺,Juventus,⚪️⚫️,UEFA Champions League,League Stage - 5,Villa Park,Birmingham,Europe
2_1299072,Finished,2,3,91,211,2024-11-27T20:00:00+00:00,W10=,Monaco,🇪🇺,Benfica,🇪🇺,UEFA Champions League,League Stage - 5,Stade Louis-II,Monaco,Europe
2_1299073,Finished,3,2,197,550,2024-11-27T20:00:00+00:00,W10=,PSV Eindhoven,🇪🇺,Shakhtar Donetsk,🇪🇺,UEFA Champions League,League Stage - 5,Philips Stadion,Eindhoven,Europe
2_1299069,Finished,1,1,247,569,2024-11-27T20:00:00+00:00,W10=,Celtic,🇪🇺,Club Brugge KV,🇪🇺,UEFA Champions League,League Stage - 5,Celtic Park,Glasgow,Europe
2_1299068,Finished,1,2,500,79,2024-11-27T20:00:00+00:00,W10=,Bologna,🇪🇺,Lille,🇪🇺,UEFA Champions League,League Stage - 5,Stadio Renato Dall'Ara,Bologna,Europe
2_1299070,Finished,0,3,620,165,2024-11-27T20:00:00+00:00,W10=,Dinamo Zagreb,🇪🇺,Borussia Dortmund,🟡,UEFA Champions League,League Stage - 5,Stadion Maksimir,Zagreb,Europe
2_1299075,Finished,0,1,547,40,2024-12-10T17:45:00+00:00,W10=,Girona,🇪🇺,Liverpool,🔴,UEFA Champions League,League Stage - 6,Estadi Municipal de Montilivi,Girona,Europe
2_1299074,Finished,0,0,620,247,2024-12-10T17:45:00+00:00,W10=,Dinamo Zagreb,🇪🇺,Celtic,🇪🇺,UEFA Champions League,League Stage - 6,Stadion Maksimir,Zagreb,Europe
2_1299078,Finished,1,0,106,197,2024-12-10T20:00:00+00:00,W10=,Stade Brestois 29,🇪🇺,PSV Eindhoven,🇪🇺,UEFA Champions League,League Stage - 6,Stade du Roudourou,Guingamp,Europe
2_1299077,Finished,1,0,168,505,2024-12-10T20:00:00+00:00,W10=,Bayer Leverkusen,🇪🇺,Inter,🔵⚫️,UEFA Champions League,League Stage - 6,BayArena,Leverkusen,Europe
2_1299081,Finished,2,3,173,66,2024-12-10T20:00:00+00:00,W10=,RB Leipzig,🇪🇺,Aston Villa,🇪🇺,UEFA Champions League,League Stage - 6,Red Bull Arena,Leipzig,Europe
2_1299076,Finished,2,3,499,541,2024-12-10T20:00:00+00:00,W10=,Atalanta,🇪🇺,Real Madrid,⚪️,UEFA Champions League,League Stage - 6,Gewiss Stadium,Bergamo,Europe
2_1299082,Finished,1,5,550,157,2024-12-10T20:00:00+00:00,W10=,Shakhtar Donetsk,🇪🇺,Bayern München,🇪🇺,UEFA Champions League,League Stage - 6,VELTINS-Arena,Gelsenkirchen,Europe
2_1299079,Finished,2,1,569,228,2024-12-10T20:00:00+00:00,W10=,Club Brugge KV,🇪🇺,Sporting CP,🇪🇺,UEFA Champions League,League Stage - 6,Jan Breydelstadion,Brugge,Europe
2_1299080,Finished,0,3,571,85,2024-12-10T20:00:00+00:00,W10=,Red Bull Salzburg,🇪🇺,Paris Saint Germain,🔵🔴,UEFA Champions League,League Stage - 6,Red Bull Arena,Wals-Siezenheim,Europe
2_1299084,Finished,3,2,79,637,2024-12-11T17:45:00+00:00,W10=,Lille,🇪🇺,Sturm Graz,🇪🇺,UEFA Champions League,League Stage - 6,Decathlon Arena - Stade Pierre-Mauroy,Villeneuve d'Ascq,Europe
2_1299083,Finished,3,1,530,656,2024-12-11T17:45:00+00:00,W10=,Atletico Madrid,🔴⚪️,Slovan Bratislava,🇪🇺,UEFA Champions League,League Stage - 6,Riyadh Air Metropolitano,Madrid,Europe
2_1299091,Finished,3,0,42,91,2024-12-11T20:00:00+00:00,W10=,Arsenal,🔴⚪️,Monaco,🇪🇺,UEFA Champions League,League Stage - 6,Emirates Stadium,London,Europe
2_1299086,Finished,2,3,165,529,2024-12-11T20:00:00+00:00,W10=,Borussia Dortmund,🟡,Barcelona,🔵🔴,UEFA Champions League,League Stage - 6,SIGNAL IDUNA PARK,Dortmund,Europe
2_1299090,Finished,5,1,172,565,2024-12-11T20:00:00+00:00,W10=,VfB Stuttgart,🇪🇺,BSC Young Boys,🇪🇺,UEFA Champions League,League Stage - 6,MHPArena,Stuttgart,Europe
2_1299087,Finished,4,2,209,628,2024-12-11T20:00:00+00:00,W10=,Feyenoord,🇪🇺,Sparta Praha,🇪🇺,UEFA Champions League,League Stage - 6,Stadion Feijenoord,Rotterdam,Europe
2_1299085,Finished,0,0,211,500,2024-12-11T20:00:00+00:00,W10=,Benfica,🇪🇺,Bologna,🇪🇺,UEFA Champions League,League Stage - 6,Estádio do Sport Lisboa e Benfica,Lisboa,Europe
2_1299089,Finished,2,1,489,598,2024-12-11T20:00:00+00:00,W10=,AC Milan,🔴⚫️,FK Crvena Zvezda,🇪🇺,UEFA Champions League,League Stage - 6,Stadio Giuseppe Meazza,Milano,Europe
2_1299088,Finished,2,0,496,50,2024-12-11T20:00:00+00:00,W10=,Juventus,⚪️⚫️,Manchester City,🔵,UEFA Champions League,League Stage - 6,Allianz Stadium,Torino,Europe
2_1299093,Finished,1,0,91,66,2025-01-21T17:45:00+00:00,W10=,Monaco,🇪🇺,Aston Villa,🇪🇺,UEFA Champions League,League Stage - 7,Stade Louis-II,Monaco,Europe
2_1299092,Finished,5,0,499,637,2025-01-21T17:45:00+00:00,W10=,Atalanta,🇪🇺,Sturm Graz,🇪🇺,UEFA Champions League,League Stage - 7,Gewiss Stadium,Bergamo,Europe
2_1299099,Finished,2,1,40,79,2025-01-21T20:00:00+00:00,W10=,Liverpool,🔴,Lille,🇪🇺,UEFA Champions League,League Stage - 7,Anfield,Liverpool,Europe
2_1299095,Finished,4,5,211,529,2025-01-21T20:00:00+00:00,W10=,Benfica,🇪🇺,Barcelona,🔵🔴,UEFA Champions League,League Stage - 7,Estádio do Sport Lisboa e Benfica,Lisboa,Europe
2_1299096,Finished,2,1,500,165,2025-01-21T20:00:00+00:00,W10=,Bologna,🇪🇺,Borussia Dortmund,🟡,UEFA Champions League,League Stage - 7,Stadio Renato Dall'Ara,Bologna,Europe
2_1299094,Finished,2,1,530,168,2025-01-21T20:00:00+00:00,W10=,Atletico Madrid,🔴⚪️,Bayer Leverkusen,🇪🇺,UEFA Champions League,League Stage - 7,Riyadh Air Metropolitano,Madrid,Europe
2_1299097,Finished,0,0,569,496,2025-01-21T20:00:00+00:00,W10=,Club Brugge KV,🇪🇺,Juventus,⚪️⚫️,UEFA Champions League,League Stage - 7,Jan Breydelstadion,Brugge,Europe
2_1299098,Finished,2,3,598,197,2025-01-21T20:00:00+00:00,W10=,FK Crvena Zvezda,🇪🇺,PSV Eindhoven,🇪🇺,UEFA Champions League,League Stage - 7,Stadion Rajko Mitić,Beograd,Europe
2_1299100,Finished,1,3,656,172,2025-01-21T20:00:00+00:00,W10=,Slovan Bratislava,🇪🇺,VfB Stuttgart,🇪🇺,UEFA Champions League,League Stage - 7,Štadión Tehelné pole,Bratislava,Europe
2_1299101,Finished,2,1,173,228,2025-01-22T17:45:00+00:00,W10=,RB Leipzig,🇪🇺,Sporting CP,🇪🇺,UEFA Champions League,League Stage - 7,Red Bull Arena,Leipzig,Europe
2_1299102,Finished,2,0,550,106,2025-01-22T17:45:00+00:00,W10=,Shakhtar Donetsk,🇪🇺,Stade Brestois 29,🇪🇺,UEFA Champions League,League Stage - 7,VELTINS-Arena,Gelsenkirchen,Europe
2_1299108,Finished,3,0,42,620,2025-01-22T20:00:00+00:00,W10=,Arsenal,🔴⚪️,Dinamo Zagreb,🇪🇺,UEFA Champions League,League Stage - 7,Emirates Stadium,London,Europe
2_1299106,Finished,4,2,85,50,2025-01-22T20:00:00+00:00,W10=,Paris Saint Germain,🔵🔴,Manchester City,🔵,UEFA Champions League,League Stage - 7,Parc des Princes,Paris,Europe
2_1299104,Finished,3,0,209,157,2025-01-22T20:00:00+00:00,W10=,Feyenoord,🇪🇺,Bayern München,🇪🇺,UEFA Champions League,League Stage - 7,Stadion Feijenoord,Rotterdam,Europe
2_1299103,Finished,1,0,247,565,2025-01-22T20:00:00+00:00,W10=,Celtic,🇪🇺,BSC Young Boys,🇪🇺,UEFA Champions League,League Stage - 7,Celtic Park,Glasgow,Europe
2_1299105,Finished,1,0,489,547,2025-01-22T20:00:00+00:00,W10=,AC Milan,🔴⚫️,Girona,🇪🇺,UEFA Champions League,League Stage - 7,Stadio Giuseppe Meazza,Milano,Europe
2_1299109,Finished,5,1,541,571,2025-01-22T20:00:00+00:00,W10=,Real Madrid,⚪️,Red Bull Salzburg,🇪🇺,UEFA Champions League,League Stage - 7,Estadio Santiago Bernabéu,Madrid,Europe
2_1299107,Finished,0,1,628,505,2025-01-22T20:00:00+00:00,W10=,Sparta Praha,🇪🇺,Inter,🔵⚫️,UEFA Champions League,League Stage - 7,epet ARENA,Praha,Europe
2_1299122,Finished,3,1,50,569,2025-01-29T20:00:00+00:00,W10=,Manchester City,🔵,Club Brugge KV,🇪🇺,UEFA Champions League,League Stage - 8,Etihad Stadium,Manchester,Europe
2_1299110,Finished,4,2,66,247,2025-01-29T20:00:00+00:00,W10=,Aston Villa,🇪🇺,Celtic,🇪🇺,UEFA Champions League,League Stage - 8,Villa Park,Birmingham,Europe
2_1299121,Finished,6,1,79,209,2025-01-29T20:00:00+00:00,W10=,Lille,🇪🇺,Feyenoord,🇪🇺,UEFA Champions League,League Stage - 8,Decathlon Arena - Stade Pierre-Mauroy,Villeneuve d'Ascq,Europe
2_1299114,Finished,0,3,106,541,2025-01-29T20:00:00+00:00,W10=,Stade Brestois 29,🇪🇺,Real Madrid,⚪️,UEFA Champions League,League Stage - 8,Stade du Roudourou,Guingamp,Europe
2_1299116,Finished,3,1,157,656,2025-01-29T20:00:00+00:00,W10=,Bayern München,🇪🇺,Slovan Bratislava,🇪🇺,UEFA Champions League,League Stage - 8,Allianz Arena,München,Europe
2_1299113,Finished,3,1,165,550,2025-01-29T20:00:00+00:00,W10=,Borussia Dortmund,🟡,Shakhtar Donetsk,🇪🇺,UEFA Champions League,League Stage - 8,SIGNAL IDUNA PARK,Dortmund,Europe
2_1299112,Finished,2,0,168,628,2025-01-29T20:00:00+00:00,W10=,Bayer Leverkusen,🇪🇺,Sparta Praha,🇪🇺,UEFA Champions League,League Stage - 8,BayArena,Leverkusen,Europe
2_1299126,Finished,1,4,172,85,2025-01-29T20:00:00+00:00,W10=,VfB Stuttgart,🇪🇺,Paris Saint Germain,🔵🔴,UEFA Champions League,League Stage - 8,MHPArena,Stuttgart,Europe
2_1299123,Finished,3,2,197,40,2025-01-29T20:00:00+00:00,W10=,PSV Eindhoven,🇪🇺,Liverpool,🔴,UEFA Champions League,League Stage - 8,Philips Stadion,Eindhoven,Europe
2_1299125,Finished,1,1,228,500,2025-01-29T20:00:00+00:00,W10=,Sporting CP,🇪🇺,Bologna,🇪🇺,UEFA Champions League,League Stage - 8,Estádio José Alvalade,Lisboa,Europe
2_1299120,Finished,0,2,496,211,2025-01-29T20:00:00+00:00,W10=,Juventus,⚪️⚫️,Benfica,🇪🇺,UEFA Champions League,League Stage - 8,Allianz Stadium,Torino,Europe
2_1299119,Finished,3,0,505,91,2025-01-29T20:00:00+00:00,W10=,Inter,🔵⚫️,Monaco,🇪🇺,UEFA Champions League,League Stage - 8,Stadio Giuseppe Meazza,Milano,Europe
2_1299111,Finished,2,2,529,499,2025-01-29T20:00:00+00:00,W10=,Barcelona,🔵🔴,Atalanta,🇪🇺,UEFA Champions League,League Stage - 8,Estadi Olímpic Lluís Companys,Barcelona,Europe
2_1299118,Finished,1,2,547,42,2025-01-29T20:00:00+00:00,W10=,Girona,🇪🇺,Arsenal,🔴⚪️,UEFA Champions League,League Stage - 8,Estadi Municipal de Montilivi,Girona,Europe
2_1299127,Finished,0,1,565,598,2025-01-29T20:00:00+00:00,W10=,BSC Young Boys,🇪🇺,FK Crvena Zvezda,🇪🇺,UEFA Champions League,League Stage - 8,Stadion Wankdorf,Bern,Europe
2_1299117,Finished,1,4,571,530,2025-01-29T20:00:00+00:00,W10=,Red Bull Salzburg,🇪🇺,Atletico Madrid,🔴⚪️,UEFA Champions League,League Stage - 8,Red Bull Arena,Wals-Siezenheim,Europe
2_1299115,Finished,2,1,620,489,2025-01-29T20:00:00+00:00,W10=,Dinamo Zagreb,🇪🇺,AC Milan,🔴⚫️,UEFA Champions League,League Stage - 8,Stadion Maksimir,Zagreb,Europe
2_1299124,Finished,1,0,637,173,2025-01-29T20:00:00+00:00,W10=,Sturm Graz,🇪🇺,RB Leipzig,🇪🇺,UEFA Champions League,League Stage - 8,28 Black Arena,Klagenfurt am Wörthersee,Europe
2_1345737,Finished,0,3,106,85,2025-02-11T17:45:00+00:00,W10=,Stade Brestois 29,🇪🇺,Paris Saint Germain,🔵🔴,UEFA Champions League,Knockout Round Play-offs,Stade du Roudourou,Guingamp,Europe
2_1345743,Finished,2,3,50,541,2025-02-11T20:00:00+00:00,W10=,Manchester City,🔵,Real Madrid,⚪️,UEFA Champions League,Knockout Round Play-offs,Etihad Stadium,Manchester,Europe
2_1345739,Finished,0,3,228,165,2025-02-11T20:00:00+00:00,W10=,Sporting CP,🇪🇺,Borussia Dortmund,🟡,UEFA Champions League,Knockout Round Play-offs,Estádio José Alvalade,Lisboa,Europe
2_1345741,Finished,2,1,496,197,2025-02-11T20:00:00+00:00,W10=,Juventus,⚪️⚫️,PSV Eindhoven,🇪🇺,UEFA Champions League,Knockout Round Play-offs,Allianz Stadium,Torino,Europe
2_1345745,Finished,2,1,569,499,2025-02-12T17:45:00+00:00,W10=,Club Brugge KV,🇪🇺,Atalanta,🇪🇺,UEFA Champions League,Knockout Round Play-offs,Jan Breydelstadion,Brugge,Europe
2_1345749,Finished,0,1,91,211,2025-02-12T20:00:00+00:00,W10=,Monaco,🇪🇺,Benfica,🇪🇺,UEFA Champions League,Knockout Round Play-offs,Stade Louis-II,Monaco,Europe
2_1345747,Finished,1,0,209,489,2025-02-12T20:00:00+00:00,W10=,Feyenoord,🇪🇺,AC Milan,🔴⚫️,UEFA Champions League,Knockout Round Play-offs,Stadion Feijenoord,Rotterdam,Europe
2_1345751,Finished,1,2,247,157,2025-02-12T20:00:00+00:00,W10=,Celtic,🇪🇺,Bayern München,🇪🇺,UEFA Champions League,Knockout Round Play-offs,Celtic Park,Glasgow,Europe
2_1345748,Finished,1,1,489,209,2025-02-18T17:45:00+00:00,W10=,AC Milan,🔴⚫️,Feyenoord,🇪🇺,UEFA Champions League,Knockout Round Play-offs,Stadio Giuseppe Meazza,Milano,Europe
2_1345752,Finished,1,1,157,247,2025-02-18T20:00:00+00:00,W10=,Bayern München,🇪🇺,Celtic,🇪🇺,UEFA Champions League,Knockout Round Play-offs,Allianz Arena,München,Europe
2_1345750,Finished,3,3,211,91,2025-02-18T20:00:00+00:00,W10=,Benfica,🇪🇺,Monaco,🇪🇺,UEFA Champions League,Knockout Round Play-offs,Estádio do Sport Lisboa e Benfica,Lisboa,Europe
2_1345746,Finished,1,3,499,569,2025-02-18T20:00:00+00:00,W10=,Atalanta,🇪🇺,Club Brugge KV,🇪🇺,UEFA Champions League,Knockout Round Play-offs,Gewiss Stadium,Bergamo,Europe
2_1345740,Finished,0,0,165,228,2025-02-19T17:45:00+00:00,W10=,Borussia Dortmund,🟡,Sporting CP,🇪🇺,UEFA Champions League,Knockout Round Play-offs,SIGNAL IDUNA PARK,Dortmund,Europe
2_1345738,Finished,7,0,85,106,2025-02-19T20:00:00+00:00,W10=,Paris Saint Germain,🔵🔴,Stade Brestois 29,🇪🇺,UEFA Champions League,Knockout Round Play-offs,Parc des Princes,Paris,Europe
2_1345742,Finished,3,1,197,496,2025-02-19T20:00:00+00:00,W10=,PSV Eindhoven,🇪🇺,Juventus,⚪️⚫️,UEFA Champions League,Knockout Round Play-offs,Philips Stadion,Eindhoven,Europe
2_1345744,Finished,3,1,541,50,2025-02-19T20:00:00+00:00,W10=,Real Madrid,⚪️,Manchester City,🔵,UEFA Champions League,Knockout Round Play-offs,Estadio Santiago Bernabéu,Madrid,Europe
2_1353166,Finished,1,3,569,66,2025-03-04T17:45:00+00:00,W10=,Club Brugge KV,🇪🇺,Aston Villa,🇪🇺,UEFA Champions League,Round of 16,Jan Breydelstadion,Brugge,Europe
2_1353168,Finished,1,1,165,79,2025-03-04T20:00:00+00:00,W10=,Borussia Dortmund,🟡,Lille,🇪🇺,UEFA Champions League,Round of 16,SIGNAL IDUNA PARK,Dortmund,Europe
2_1353172,Finished,1,7,197,42,2025-03-04T20:00:00+00:00,W10=,PSV Eindhoven,🇪🇺,Arsenal,🔴⚪️,UEFA Champions League,Round of 16,Philips Stadion,Eindhoven,Europe
2_1353170,Finished,2,1,541,530,2025-03-04T20:00:00+00:00,W10=,Real Madrid,⚪️,Atletico Madrid,🔴⚪️,UEFA Champions League,Round of 16,Estadio Santiago Bernabéu,Madrid,Europe
2_1353174,Finished,0,2,209,505,2025-03-05T17:45:00+00:00,W10=,Feyenoord,🇪🇺,Inter,🔵⚫️,UEFA Champions League,Round of 16,Stadion Feijenoord,Rotterdam,Europe
2_1353178,Finished,0,1,85,40,2025-03-05T20:00:00+00:00,W10=,Paris Saint Germain,🔵🔴,Liverpool,🔴,UEFA Champions League,Round of 16,Parc des Princes,Paris,Europe
2_1353180,Finished,3,0,157,168,2025-03-05T20:00:00+00:00,W10=,Bayern München,🇪🇺,Bayer Leverkusen,🇪🇺,UEFA Champions League,Round of 16,Allianz Arena,München,Europe
2_1353176,Finished,0,1,211,529,2025-03-05T20:00:00+00:00,W10=,Benfica,🇪🇺,Barcelona,🔵🔴,UEFA Champions League,Round of 16,Estádio do Sport Lisboa e Benfica,Lisboa,Europe
2_1353177,Finished,3,1,529,211,2025-03-11T17:45:00+00:00,W10=,Barcelona,🔵🔴,Benfica,🇪🇺,UEFA Champions League,Round of 16,Estadi Olímpic Lluís Companys,Barcelona,Europe
2_1353179,Finished,0,1,40,85,2025-03-11T20:00:00+00:00,W10=,Liverpool,🔴,Paris Saint Germain,🔵🔴,UEFA Champions League,Round of 16,Anfield,Liverpool,Europe
2_1353181,Finished,0,2,168,157,2025-03-11T20:00:00+00:00,W10=,Bayer Leverkusen,🇪🇺,Bayern München,🇪🇺,UEFA Champions League,Round of 16,BayArena,Leverkusen,Europe
2_1353175,Finished,2,1,505,209,2025-03-11T20:00:00+00:00,W10=,Inter,🔵⚫️,Feyenoord,🇪🇺,UEFA Champions League,Round of 16,Stadio Giuseppe Meazza,Milano,Europe
2_1353169,Finished,1,2,79,165,2025-03-12T17:45:00+00:00,W10=,Lille,🇪🇺,Borussia Dortmund,🟡,UEFA Champions League,Round of 16,Decathlon Arena - Stade Pierre-Mauroy,Villeneuve d'Ascq,Europe
2_1353173,Finished,2,2,42,197,2025-03-12T20:00:00+00:00,W10=,Arsenal,🔴⚪️,PSV Eindhoven,🇪🇺,UEFA Champions League,Round of 16,Emirates Stadium,London,Europe
2_1353167,Finished,3,0,66,569,2025-03-12T20:00:00+00:00,W10=,Aston Villa,🇪🇺,Club Brugge KV,🇪🇺,UEFA Champions League,Round of 16,Villa Park,Birmingham,Europe
2_1353171,Finished,1,0,530,541,2025-03-12T20:00:00+00:00,W10=,Atletico Madrid,🔴⚪️,Real Madrid,⚪️,UEFA Champions League,Round of 16,Riyadh Air Metropolitano,Madrid,Europe
2_1360764,Finished,3,0,42,541,2025-04-08T19:00:00+00:00,W10=,Arsenal,🔴⚪️,Real Madrid,⚪️,UEFA Champions League,Quarter-finals,Emirates Stadium,London,Europe
2_1360333,Finished,1,2,157,505,2025-04-08T19:00:00+00:00,W10=,Bayern München,🇪🇺,Inter,🔵⚫️,UEFA Champions League,Quarter-finals,Allianz Arena,München,Europe
2_1360762,Finished,3,1,85,66,2025-04-09T19:00:00+00:00,W10=,Paris Saint Germain,🔵🔴,Aston Villa,🇪🇺,UEFA Champions League,Quarter-finals,Parc des Princes,Paris,Europe
2_1360766,Finished,4,0,529,165,2025-04-09T19:00:00+00:00,W10=,Barcelona,🔵🔴,Borussia Dortmund,🟡,UEFA Champions League,Quarter-finals,Estadi Olímpic Lluís Companys,Barcelona,Europe
2_1360763,Finished,3,2,66,85,2025-04-15T19:00:00+00:00,W10=,Aston Villa,🇪🇺,Paris Saint Germain,🔵🔴,UEFA Champions League,Quarter-finals,Villa Park,Birmingham,Europe
2_1360767,Finished,3,1,165,529,2025-04-15T19:00:00+00:00,W10=,Borussia Dortmund,🟡,Barcelona,🔵🔴,UEFA Champions League,Quarter-finals,SIGNAL IDUNA PARK,Dortmund,Europe
2_1360334,Finished,2,2,505,157,2025-04-16T19:00:00+00:00,W10=,Inter,🔵⚫️,Bayern München,🇪🇺,UEFA Champions League,Quarter-finals,Stadio Giuseppe Meazza,Milano,Europe
2_1360765,Finished,1,2,541,42,2025-04-16T19:00:00+00:00,W10=,Real Madrid,⚪️,Arsenal,🔴⚪️,UEFA Champions League,Quarter-finals,Estadio Santiago Bernabéu,Madrid,Europe
2_1371730,Finished,0,1,42,85,2025-04-29T19:00:00+00:00,W10=,Arsenal,🔴⚪️,Paris Saint Germain,🔵🔴,UEFA Champions League,Semi-finals,Emirates Stadium,London,Europe
2_1371732,Finished,3,3,529,505,2025-04-30T19:00:00+00:00,W10=,Barcelona,🔵🔴,Inter,🔵⚫️,UEFA Champions League,Semi-finals,Estadi Olímpic Lluís Companys,Barcelona,Europe
2_1371733,Finished,4,3,505,529,2025-05-06T19:00:00+00:00,W10=,Inter,🔵⚫️,Barcelona,🔵🔴,UEFA Champions League,Semi-finals,Stadio Giuseppe Meazza,Milano,Europe
2_1371731,Finished,2,1,85,42,2025-05-07T19:00:00+00:00,W10=,Paris Saint Germain,🔵🔴,Arsenal,🔴⚪️,UEFA Champions League,Semi-finals,Parc des Princes,Paris,Europe
2_1374812,Finished,5,0,85,505,2025-05-31T19:00:00+00:00,W10=,Paris Saint Germain,🔵🔴,Inter,🔵⚫️,UEFA Champions League,Final,Allianz Arena,München,Europe
