id,status,home_score,away_score,home_team_code,away_team_code,kickoff_utc,events
1,Finished,2,0,MEX,RSA,2026-06-11T19:00:00Z,W3sibWludXRlIjogIjknIiwgInR5cGUiOiAiZ29hbCIsICJwbGF5ZXIiOiAiSnVsaWFuIFFVSU5PTkVTIiwgInRlYW0iOiAiaG9tZSJ9LCB7Im1pbnV0ZSI6ICIxNyciLCAidHlwZSI6ICJ5ZWxsb3dfY2FyZCIsICJwbGF5ZXIiOiAiVGVib2hvIE1PS09FTkEiLCAidGVhbSI6ICJhd2F5In0sIHsibWludXRlIjogIjIzJyIsICJ0eXBlIjogInllbGxvd19jYXJkIiwgInBsYXllciI6ICJCcmlhbiBHVVRJRVJSRVoiLCAidGVhbSI6ICJob21lIn0sIHsibWludXRlIjogIjQ5JyIsICJ0eXBlIjogInJlZF9jYXJkIiwgInBsYXllciI6ICJTcGhlcGhlbG8gU0lUSE9MRSIsICJ0ZWFtIjogImF3YXkifSwgeyJtaW51dGUiOiAiNjcnIiwgInR5cGUiOiAiZ29hbCIsICJwbGF5ZXIiOiAiUmF1bCBKSU1FTkVaIiwgInRlYW0iOiAiaG9tZSJ9LCB7Im1pbnV0ZSI6ICI3NCciLCAidHlwZSI6ICJ5ZWxsb3dfY2FyZCIsICJwbGF5ZXIiOiAiTmtvc2luYXRoaSBTSUJJU0kiLCAidGVhbSI6ICJhd2F5In0sIHsibWludXRlIjogIjg0JyIsICJ0eXBlIjogInJlZF9jYXJkIiwgInBsYXllciI6ICJUaGVtYmEgWldBTkUiLCAidGVhbSI6ICJhd2F5In0sIHsibWludXRlIjogIjkwJysyJyIsICJ0eXBlIjogInJlZF9jYXJkIiwgInBsYXllciI6ICJDZXNhciBNT05URVMiLCAidGVhbSI6ICJob21lIn1d
2,Finished,2,1,KOR,CZE,2026-06-12T02:00:00Z,W3sibWludXRlIjogIjU5JyIsICJ0eXBlIjogImdvYWwiLCAicGxheWVyIjogIkxhZGlzbGF2IEtSRUpDSSIsICJ0ZWFtIjogImF3YXkifSwgeyJtaW51dGUiOiAiNjcnIiwgInR5cGUiOiAiZ29hbCIsICJwbGF5ZXIiOiAiSFdBTkcgSW5iZW9tIiwgInRlYW0iOiAiaG9tZSJ9LCB7Im1pbnV0ZSI6ICI4MCciLCAidHlwZSI6ICJnb2FsIiwgInBsYXllciI6ICJPSCBIeWVvbmd5dSIsICJ0ZWFtIjogImhvbWUifSwgeyJtaW51dGUiOiAiOTAnKzYnIiwgInR5cGUiOiAieWVsbG93X2NhcmQiLCAicGxheWVyIjogIkxFRSBHaWh5dWsiLCAidGVhbSI6ICJob21lIn1d
3,Finished,1,1,CAN,BIH,2026-06-12T19:00:00Z,W3sibWludXRlIjogIjExJyIsICJ0eXBlIjogInllbGxvd19jYXJkIiwgInBsYXllciI6ICJBbGlzdGFpciBKT0hOU1RPTiIsICJ0ZWFtIjogImhvbWUifSwgeyJtaW51dGUiOiAiMjEnIiwgInR5cGUiOiAiZ29hbCIsICJwbGF5ZXIiOiAiSm92byBMVUtJQyIsICJ0ZWFtIjogImF3YXkifSwgeyJtaW51dGUiOiAiNDQnIiwgInR5cGUiOiAieWVsbG93X2NhcmQiLCAicGxheWVyIjogIkVybWVkaW4gREVNSVJPVklDIiwgInRlYW0iOiAiYXdheSJ9LCB7Im1pbnV0ZSI6ICI0NScrMSciLCAidHlwZSI6ICJ5ZWxsb3dfY2FyZCIsICJwbGF5ZXIiOiAiSm92byBMVUtJQyIsICJ0ZWFtIjogImF3YXkifSwgeyJtaW51dGUiOiAiNTMnIiwgInR5cGUiOiAieWVsbG93X2NhcmQiLCAicGxheWVyIjogIkx1YyBERSBGT1VHRVJPTExFUyIsICJ0ZWFtIjogImhvbWUifSwgeyJtaW51dGUiOiAiNzgnIiwgInR5cGUiOiAiZ29hbCIsICJwbGF5ZXIiOiAiQ3lsZSBMQVJJTiIsICJ0ZWFtIjogImhvbWUifSwgeyJtaW51dGUiOiAiOTAnKzMnIiwgInR5cGUiOiAieWVsbG93X2NhcmQiLCAicGxheWVyIjogIk5pa29sYSBLQVRJQyIsICJ0ZWFtIjogImF3YXkifV0=
4,Finished,4,1,USA,PAR,2026-06-13T01:00:00Z,W3sibWludXRlIjogIjknIiwgInR5cGUiOiAieWVsbG93X2NhcmQiLCAicGxheWVyIjogIkp1YW4gSm9zZSBDQUNFUkVTIiwgInRlYW0iOiAiYXdheSJ9LCB7Im1pbnV0ZSI6ICIzMSciLCAidHlwZSI6ICJnb2FsIiwgInBsYXllciI6ICJGb2xhcmluIEJBTE9HVU4iLCAidGVhbSI6ICJob21lIn0sIHsibWludXRlIjogIjQ1Jys1JyIsICJ0eXBlIjogImdvYWwiLCAicGxheWVyIjogIkZvbGFyaW4gQkFMT0dVTiIsICJ0ZWFtIjogImhvbWUifSwgeyJtaW51dGUiOiAiNTMnIiwgInR5cGUiOiAieWVsbG93X2NhcmQiLCAicGxheWVyIjogIk1pZ3VlbCBBTE1JUk9OIiwgInRlYW0iOiAiYXdheSJ9LCB7Im1pbnV0ZSI6ICI1OSciLCAidHlwZSI6ICJ5ZWxsb3dfY2FyZCIsICJwbGF5ZXIiOiAiVHlsZXIgQURBTVMiLCAidGVhbSI6ICJob21lIn0sIHsibWludXRlIjogIjczJyIsICJ0eXBlIjogImdvYWwiLCAicGxheWVyIjogIk1BVVJJQ0lPIiwgInRlYW0iOiAiYXdheSJ9LCB7Im1pbnV0ZSI6ICI3OSciLCAidHlwZSI6ICJ5ZWxsb3dfY2FyZCIsICJwbGF5ZXIiOiAiRGllZ28gR09NRVoiLCAidGVhbSI6ICJhd2F5In0sIHsibWludXRlIjogIjg4JyIsICJ0eXBlIjogInllbGxvd19jYXJkIiwgInBsYXllciI6ICJBbGV4IEFSQ0UiLCAidGVhbSI6ICJhd2F5In0sIHsibWludXRlIjogIjkwJyszJyIsICJ0eXBlIjogInllbGxvd19jYXJkIiwgInBsYXllciI6ICJKdW5pb3IgQUxPTlNPIiwgInRlYW0iOiAiYXdheSJ9LCB7Im1pbnV0ZSI6ICI5MCcrOCciLCAidHlwZSI6ICJnb2FsIiwgInBsYXllciI6ICJHaW92YW5uaSBSRVlOQSIsICJ0ZWFtIjogImhvbWUifV0=
5,Finished,1,1,QAT,SUI,2026-06-13T19:00:00Z,W3sibWludXRlIjogIjEzJyIsICJ0eXBlIjogInllbGxvd19jYXJkIiwgInBsYXllciI6ICJNQUhNT1VEIEFCVU5BREEiLCAidGVhbSI6ICJob21lIn0sIHsibWludXRlIjogIjIzJyIsICJ0eXBlIjogInllbGxvd19jYXJkIiwgInBsYXllciI6ICJKQVNTRU0gR0FCRVIiLCAidGVhbSI6ICJob21lIn0sIHsibWludXRlIjogIjQyJyIsICJ0eXBlIjogInllbGxvd19jYXJkIiwgInBsYXllciI6ICJEZW5pcyBaQUtBUklBIiwgInRlYW0iOiAiYXdheSJ9XQ==
6,Finished,1,1,BRA,MAR,2026-06-13T22:00:00Z,W3sibWludXRlIjogIjIxJyIsICJ0eXBlIjogImdvYWwiLCAicGxheWVyIjogIklzbWFlbCBTQUlCQVJJIiwgInRlYW0iOiAiYXdheSJ9LCB7Im1pbnV0ZSI6ICIzMiciLCAidHlwZSI6ICJnb2FsIiwgInBsYXllciI6ICJWSU5JQ0lVUyBKVU5JT1IiLCAidGVhbSI6ICJob21lIn0sIHsibWludXRlIjogIjM3JyIsICJ0eXBlIjogInllbGxvd19jYXJkIiwgInBsYXllciI6ICJDQVNFTUlSTyIsICJ0ZWFtIjogImhvbWUifSwgeyJtaW51dGUiOiAiNDMnIiwgInR5cGUiOiAieWVsbG93X2NhcmQiLCAicGxheWVyIjogIlJPR0VSIElCQU5FWiIsICJ0ZWFtIjogImhvbWUifV0=
7,Finished,0,1,HAI,SCO,2026-06-14T01:00:00Z,W3sibWludXRlIjogIjI4JyIsICJ0eXBlIjogImdvYWwiLCAicGxheWVyIjogIkpvaG4gTWNHSU5OIiwgInRlYW0iOiAiYXdheSJ9LCB7Im1pbnV0ZSI6ICIzOSciLCAidHlwZSI6ICJ5ZWxsb3dfY2FyZCIsICJwbGF5ZXIiOiAiSmVhbi1SaWNuZXIgQkVMTEVHQVJERSIsICJ0ZWFtIjogImhvbWUifSwgeyJtaW51dGUiOiAiNDYnIiwgInR5cGUiOiAieWVsbG93X2NhcmQiLCAicGxheWVyIjogIkFhcm9uIEhJQ0tFWSIsICJ0ZWFtIjogImF3YXkifSwgeyJtaW51dGUiOiAiOTAnKzEnIiwgInR5cGUiOiAieWVsbG93X2NhcmQiLCAicGxheWVyIjogIkZpbmRsYXkgQ1VSVElTIiwgInRlYW0iOiAiYXdheSJ9LCB7Im1pbnV0ZSI6ICI5MCcrNSciLCAidHlwZSI6ICJ5ZWxsb3dfY2FyZCIsICJwbGF5ZXIiOiAiS2VubnkgTWNMRUFOIiwgInRlYW0iOiAiYXdheSJ9XQ==
8,Finished,2,0,AUS,TUR,2026-06-14T04:00:00Z,W3sibWludXRlIjogIjI3JyIsICJ0eXBlIjogImdvYWwiLCAicGxheWVyIjogIk5lc3RvcnkgSVJBTktVTkRBIiwgInRlYW0iOiAiaG9tZSJ9LCB7Im1pbnV0ZSI6ICI3NSciLCAidHlwZSI6ICJnb2FsIiwgInBsYXllciI6ICJDb25ub3IgTUVUQ0FMRkUiLCAidGVhbSI6ICJob21lIn0sIHsibWludXRlIjogIjg2JyIsICJ0eXBlIjogInllbGxvd19jYXJkIiwgInBsYXllciI6ICJZdW51cyBBS0dVTiIsICJ0ZWFtIjogImF3YXkifV0=
9,Finished,7,1,GER,CUR,2026-06-14T17:00:00Z,W3sibWludXRlIjogIjYnIiwgInR5cGUiOiAiZ29hbCIsICJwbGF5ZXIiOiAiRmVsaXggTk1FQ0hBIiwgInRlYW0iOiAiaG9tZSJ9LCB7Im1pbnV0ZSI6ICIyMSciLCAidHlwZSI6ICJnb2FsIiwgInBsYXllciI6ICJMaXZhbm8gQ09NRU5FTkNJQSIsICJ0ZWFtIjogImF3YXkifSwgeyJtaW51dGUiOiAiMzgnIiwgInR5cGUiOiAiZ29hbCIsICJwbGF5ZXIiOiAiTmljbyBTQ0hMT1RURVJCRUNLIiwgInRlYW0iOiAiaG9tZSJ9LCB7Im1pbnV0ZSI6ICI0NyciLCAidHlwZSI6ICJnb2FsIiwgInBsYXllciI6ICJKYW1hbCBNVVNJQUxBIiwgInRlYW0iOiAiaG9tZSJ9LCB7Im1pbnV0ZSI6ICI2OCciLCAidHlwZSI6ICJnb2FsIiwgInBsYXllciI6ICJOYXRoYW5pZWwgQlJPV04iLCAidGVhbSI6ICJob21lIn0sIHsibWludXRlIjogIjc4JyIsICJ0eXBlIjogImdvYWwiLCAicGxheWVyIjogIkRlbml6IFVOREFWIiwgInRlYW0iOiAiaG9tZSJ9LCB7Im1pbnV0ZSI6ICI4OCciLCAidHlwZSI6ICJnb2FsIiwgInBsYXllciI6ICJLYWkgSEFWRVJUWiIsICJ0ZWFtIjogImhvbWUifV0=
10,Finished,2,2,NED,JPN,2026-06-14T20:00:00Z,W3sibWludXRlIjogIjUwJyIsICJ0eXBlIjogImdvYWwiLCAicGxheWVyIjogIlZpcmdpbCBWQU4gRElKSyIsICJ0ZWFtIjogImhvbWUifSwgeyJtaW51dGUiOiAiNTcnIiwgInR5cGUiOiAiZ29hbCIsICJwbGF5ZXIiOiAiS2VpdG8gTkFLQU1VUkEiLCAidGVhbSI6ICJhd2F5In0sIHsibWludXRlIjogIjYxJyIsICJ0eXBlIjogInllbGxvd19jYXJkIiwgInBsYXllciI6ICJDcnlzZW5jaW8gU1VNTUVSVklMTEUiLCAidGVhbSI6ICJob21lIn0sIHsibWludXRlIjogIjY0JyIsICJ0eXBlIjogImdvYWwiLCAicGxheWVyIjogIkNyeXNlbmNpbyBTVU1NRVJWSUxMRSIsICJ0ZWFtIjogImhvbWUifSwgeyJtaW51dGUiOiAiODMnIiwgInR5cGUiOiAieWVsbG93X2NhcmQiLCAicGxheWVyIjogIk1lbXBoaXMgREVQQVkiLCAidGVhbSI6ICJob21lIn0sIHsibWludXRlIjogIjg4JyIsICJ0eXBlIjogImdvYWwiLCAicGxheWVyIjogIkRhaWNoaSBLQU1BREEiLCAidGVhbSI6ICJhd2F5In0sIHsibWludXRlIjogIjkwJysxJyIsICJ0eXBlIjogInllbGxvd19jYXJkIiwgInBsYXllciI6ICJNaWNreSBWQU4gREUgVkVOIiwgInRlYW0iOiAiaG9tZSJ9XQ==
11,Finished,1,0,CIV,ECU,2026-06-14T23:00:00Z,W3sibWludXRlIjogIjI4JyIsICJ0eXBlIjogInllbGxvd19jYXJkIiwgInBsYXllciI6ICJTZWtvIEZPRkFOQSIsICJ0ZWFtIjogImhvbWUifSwgeyJtaW51dGUiOiAiMzgnIiwgInR5cGUiOiAieWVsbG93X2NhcmQiLCAicGxheWVyIjogIkZyYW5jayBLRVNTSUUiLCAidGVhbSI6ICJob21lIn0sIHsibWludXRlIjogIjQwJyIsICJ0eXBlIjogInllbGxvd19jYXJkIiwgInBsYXllciI6ICJHdWVsYSBET1VFIiwgInRlYW0iOiAiaG9tZSJ9LCB7Im1pbnV0ZSI6ICI3MyciLCAidHlwZSI6ICJ5ZWxsb3dfY2FyZCIsICJwbGF5ZXIiOiAiSmFja3NvbiBQT1JPWk8iLCAidGVhbSI6ICJhd2F5In0sIHsibWludXRlIjogIjkwJyIsICJ0eXBlIjogImdvYWwiLCAicGxheWVyIjogIkFtYWQgRElBTExPIiwgInRlYW0iOiAiaG9tZSJ9XQ==
12,Finished,5,1,SWE,TUN,2026-06-15T02:00:00Z,W3sibWludXRlIjogIjcnIiwgInR5cGUiOiAiZ29hbCIsICJwbGF5ZXIiOiAiWWFzaW4gQVlBUkkiLCAidGVhbSI6ICJob21lIn0sIHsibWludXRlIjogIjMwJyIsICJ0eXBlIjogImdvYWwiLCAicGxheWVyIjogIkFsZXhhbmRlciBJU0FLIiwgInRlYW0iOiAiaG9tZSJ9LCB7Im1pbnV0ZSI6ICI0MyciLCAidHlwZSI6ICJnb2FsIiwgInBsYXllciI6ICJPbWFyIFJFS0lLIiwgInRlYW0iOiAiYXdheSJ9LCB7Im1pbnV0ZSI6ICI1NCciLCAidHlwZSI6ICJ5ZWxsb3dfY2FyZCIsICJwbGF5ZXIiOiAiUmFuaSBLSEVESVJBIiwgInRlYW0iOiAiYXdheSJ9LCB7Im1pbnV0ZSI6ICI1OSciLCAidHlwZSI6ICJnb2FsIiwgInBsYXllciI6ICJWaWt0b3IgR1lPS0VSRVMiLCAidGVhbSI6ICJob21lIn0sIHsibWludXRlIjogIjg0JyIsICJ0eXBlIjogImdvYWwiLCAicGxheWVyIjogIk1hdHRpYXMgU1ZBTkJFUkciLCAidGVhbSI6ICJob21lIn0sIHsibWludXRlIjogIjkwJys2JyIsICJ0eXBlIjogImdvYWwiLCAicGxheWVyIjogIllhc2luIEFZQVJJIiwgInRlYW0iOiAiaG9tZSJ9XQ==
13,Finished,0,0,ESP,CPV,2026-06-15T16:00:00Z,W3sibWludXRlIjogIjE2JyIsICJ0eXBlIjogInllbGxvd19jYXJkIiwgInBsYXllciI6ICJTSUROWSBMT1BFUyBDQUJSQUwiLCAidGVhbSI6ICJhd2F5In0sIHsibWludXRlIjogIjkwJyszJyIsICJ0eXBlIjogInllbGxvd19jYXJkIiwgInBsYXllciI6ICJQRURSSSIsICJ0ZWFtIjogImhvbWUifV0=
14,Finished,1,1,BEL,EGY,2026-06-15T19:00:00Z,W3sibWludXRlIjogIjEzJyIsICJ0eXBlIjogInllbGxvd19jYXJkIiwgInBsYXllciI6ICJNQVJBV0FOIEFUVElBIiwgInRlYW0iOiAiYXdheSJ9LCB7Im1pbnV0ZSI6ICIxNCciLCAidHlwZSI6ICJ5ZWxsb3dfY2FyZCIsICJwbGF5ZXIiOiAiVGltb3RoeSBDQVNUQUdORSIsICJ0ZWFtIjogImhvbWUifSwgeyJtaW51dGUiOiAiMTknIiwgInR5cGUiOiAiZ29hbCIsICJwbGF5ZXIiOiAiRU1BTSBBU0hPVVIiLCAidGVhbSI6ICJhd2F5In0sIHsibWludXRlIjogIjM0JyIsICJ0eXBlIjogInllbGxvd19jYXJkIiwgInBsYXllciI6ICJBSE1FRCBGQVRPVUgiLCAidGVhbSI6ICJhd2F5In0sIHsibWludXRlIjogIjc1JyIsICJ0eXBlIjogInllbGxvd19jYXJkIiwgInBsYXllciI6ICJNYXhpbSBERSBDVVlQRVIiLCAidGVhbSI6ICJob21lIn1d
15,Finished,1,1,KSA,URU,2026-06-15T22:00:00Z,W3sibWludXRlIjogIjQxJyIsICJ0eXBlIjogImdvYWwiLCAicGxheWVyIjogIkFCRFVMRUxBSCBBTEFNUkkiLCAidGVhbSI6ICJob21lIn0sIHsibWludXRlIjogIjQ0JyIsICJ0eXBlIjogInllbGxvd19jYXJkIiwgInBsYXllciI6ICJBQkRVTEVMQUggQUxBTVJJIiwgInRlYW0iOiAiaG9tZSJ9LCB7Im1pbnV0ZSI6ICI4MCciLCAidHlwZSI6ICJnb2FsIiwgInBsYXllciI6ICJNYXhpIEFSQVVKTyIsICJ0ZWFtIjogImF3YXkifV0=
16,Finished,2,2,IRN,NZL,2026-06-16T01:00:00Z,W3sibWludXRlIjogIjcnIiwgInR5cGUiOiAiZ29hbCIsICJwbGF5ZXIiOiAiRWxpamFoIEpVU1QiLCAidGVhbSI6ICJhd2F5In0sIHsibWludXRlIjogIjMyJyIsICJ0eXBlIjogImdvYWwiLCAicGxheWVyIjogIlJhbWluIFJFWkFFSUFOIiwgInRlYW0iOiAiaG9tZSJ9LCB7Im1pbnV0ZSI6ICI1NCciLCAidHlwZSI6ICJnb2FsIiwgInBsYXllciI6ICJFbGlqYWggSlVTVCIsICJ0ZWFtIjogImF3YXkifSwgeyJtaW51dGUiOiAiNjQnIiwgInR5cGUiOiAiZ29hbCIsICJwbGF5ZXIiOiAiTW9oYW1tYWQgTU9IRUJCSSIsICJ0ZWFtIjogImhvbWUifSwgeyJtaW51dGUiOiAiODknIiwgInR5cGUiOiAieWVsbG93X2NhcmQiLCAicGxheWVyIjogIkVoc2FuIEhBSklTQUZJIiwgInRlYW0iOiAiaG9tZSJ9XQ==
17,Finished,3,1,FRA,SEN,2026-06-16T19:00:00Z,W3sibWludXRlIjogIjY2JyIsICJ0eXBlIjogImdvYWwiLCAicGxheWVyIjogIkt5bGlhbiBNQkFQUEUiLCAidGVhbSI6ICJob21lIn0sIHsibWludXRlIjogIjgyJyIsICJ0eXBlIjogImdvYWwiLCAicGxheWVyIjogIkJyYWRsZXkgQkFSQ09MQSIsICJ0ZWFtIjogImhvbWUifSwgeyJtaW51dGUiOiAiOTAnKzUnIiwgInR5cGUiOiAiZ29hbCIsICJwbGF5ZXIiOiAiSWJyYWhpbSBNQkFZRSIsICJ0ZWFtIjogImF3YXkifSwgeyJtaW51dGUiOiAiOTAnKzYnIiwgInR5cGUiOiAiZ29hbCIsICJwbGF5ZXIiOiAiS3lsaWFuIE1CQVBQRSIsICJ0ZWFtIjogImhvbWUifV0=
18,Finished,1,4,IRQ,NOR,2026-06-16T22:00:00Z,W3sibWludXRlIjogIjI5JyIsICJ0eXBlIjogImdvYWwiLCAicGxheWVyIjogIkVybGluZyBIQUFMQU5EIiwgInRlYW0iOiAiYXdheSJ9LCB7Im1pbnV0ZSI6ICIzOSciLCAidHlwZSI6ICJnb2FsIiwgInBsYXllciI6ICJBWU1FTiBIVVNTRUlOIiwgInRlYW0iOiAiaG9tZSJ9LCB7Im1pbnV0ZSI6ICI0MyciLCAidHlwZSI6ICJnb2FsIiwgInBsYXllciI6ICJFcmxpbmcgSEFBTEFORCIsICJ0ZWFtIjogImF3YXkifSwgeyJtaW51dGUiOiAiNzYnIiwgInR5cGUiOiAiZ29hbCIsICJwbGF5ZXIiOiAiTGVvIE9TVElHQVJEIiwgInRlYW0iOiAiYXdheSJ9LCB7Im1pbnV0ZSI6ICI4NiciLCAidHlwZSI6ICJ5ZWxsb3dfY2FyZCIsICJwbGF5ZXIiOiAiWkFJRCBUQUhTRUVOIiwgInRlYW0iOiAiaG9tZSJ9XQ==
19,Finished,3,0,ARG,ALG,2026-06-17T01:00:00Z,W3sibWludXRlIjogIjE3JyIsICJ0eXBlIjogImdvYWwiLCAicGxheWVyIjogIkxpb25lbCBNRVNTSSIsICJ0ZWFtIjogImhvbWUifSwgeyJtaW51dGUiOiAiNjAnIiwgInR5cGUiOiAiZ29hbCIsICJwbGF5ZXIiOiAiTGlvbmVsIE1FU1NJIiwgInRlYW0iOiAiaG9tZSJ9LCB7Im1pbnV0ZSI6ICI3NiciLCAidHlwZSI6ICJnb2FsIiwgInBsYXllciI6ICJMaW9uZWwgTUVTU0kiLCAidGVhbSI6ICJob21lIn1d
20,Finished,3,1,AUT,JOR,2026-06-17T04:00:00Z,W3sibWludXRlIjogIjIwJyIsICJ0eXBlIjogImdvYWwiLCAicGxheWVyIjogIlJvbWFubyBTQ0hNSUQiLCAidGVhbSI6ICJob21lIn0sIHsibWludXRlIjogIjUwJyIsICJ0eXBlIjogImdvYWwiLCAicGxheWVyIjogIkFMSSBPTFdBTiIsICJ0ZWFtIjogImF3YXkifSwgeyJtaW51dGUiOiAiNzcnIiwgInR5cGUiOiAieWVsbG93X2NhcmQiLCAicGxheWVyIjogIk1hcmNlbCBTQUJJVFpFUiIsICJ0ZWFtIjogImhvbWUifV0=
21,Finished,1,1,POR,COD,2026-06-17T17:00:00Z,W3sibWludXRlIjogIjYnIiwgInR5cGUiOiAiZ29hbCIsICJwbGF5ZXIiOiAiSk9BTyBORVZFUyIsICJ0ZWFtIjogImhvbWUifSwgeyJtaW51dGUiOiAiMTMnIiwgInR5cGUiOiAieWVsbG93X2NhcmQiLCAicGxheWVyIjogIkJFUk5BUkRPIFNJTFZBIiwgInRlYW0iOiAiaG9tZSJ9LCB7Im1pbnV0ZSI6ICIzMiciLCAidHlwZSI6ICJ5ZWxsb3dfY2FyZCIsICJwbGF5ZXIiOiAiQ2hhbmNlbCBNQkVNQkEiLCAidGVhbSI6ICJhd2F5In0sIHsibWludXRlIjogIjQ1Jys1JyIsICJ0eXBlIjogImdvYWwiLCAicGxheWVyIjogIllvYW5lIFdJU1NBIiwgInRlYW0iOiAiYXdheSJ9LCB7Im1pbnV0ZSI6ICI4OCciLCAidHlwZSI6ICJ5ZWxsb3dfY2FyZCIsICJwbGF5ZXIiOiAiTkVMU09OIFNFTUVETyIsICJ0ZWFtIjogImhvbWUifSwgeyJtaW51dGUiOiAiOTAnKzInIiwgInR5cGUiOiAieWVsbG93X2NhcmQiLCAicGxheWVyIjogIlRPTUFTIEFSQVVKTyIsICJ0ZWFtIjogImhvbWUifV0=
22,Finished,4,2,ENG,CRO,2026-06-17T20:00:00Z,W3sibWludXRlIjogIjM2JyIsICJ0eXBlIjogImdvYWwiLCAicGxheWVyIjogIk1hcnRpbiBCQVRVUklOQSIsICJ0ZWFtIjogImF3YXkifSwgeyJtaW51dGUiOiAiNDInIiwgInR5cGUiOiAiZ29hbCIsICJwbGF5ZXIiOiAiSGFycnkgS0FORSIsICJ0ZWFtIjogImhvbWUifSwgeyJtaW51dGUiOiAiNDUnKzUnIiwgInR5cGUiOiAiZ29hbCIsICJwbGF5ZXIiOiAiUGV0YXIgTVVTQSIsICJ0ZWFtIjogImF3YXkifSwgeyJtaW51dGUiOiAiNDcnIiwgInR5cGUiOiAiZ29hbCIsICJwbGF5ZXIiOiAiSnVkZSBCRUxMSU5HSEFNIiwgInRlYW0iOiAiaG9tZSJ9LCB7Im1pbnV0ZSI6ICI4NSciLCAidHlwZSI6ICJnb2FsIiwgInBsYXllciI6ICJNYXJjdXMgUkFTSEZPUkQiLCAidGVhbSI6ICJob21lIn1d
23,Finished,1,0,GHA,PAN,2026-06-17T23:00:00Z,W3sibWludXRlIjogIjE2JyIsICJ0eXBlIjogInllbGxvd19jYXJkIiwgInBsYXllciI6ICJDYWxlYiBZSVJFTktZSSIsICJ0ZWFtIjogImhvbWUifSwgeyJtaW51dGUiOiAiNzInIiwgInR5cGUiOiAieWVsbG93X2NhcmQiLCAicGxheWVyIjogIkNlc2FyIEJMQUNLTUFOIiwgInRlYW0iOiAiYXdheSJ9LCB7Im1pbnV0ZSI6ICI5MCcrNSciLCAidHlwZSI6ICJnb2FsIiwgInBsYXllciI6ICJDYWxlYiBZSVJFTktZSSIsICJ0ZWFtIjogImhvbWUifSwgeyJtaW51dGUiOiAiOTAnKzknIiwgInR5cGUiOiAieWVsbG93X2NhcmQiLCAicGxheWVyIjogIkNhcmxvcyBIQVJWRVkiLCAidGVhbSI6ICJhd2F5In1d
24,Finished,1,3,UZB,COL,2026-06-18T02:00:00Z,W3sibWludXRlIjogIjcnIiwgInR5cGUiOiAieWVsbG93X2NhcmQiLCAicGxheWVyIjogIkpvaGFuIE1PSklDQSIsICJ0ZWFtIjogImF3YXkifSwgeyJtaW51dGUiOiAiMzQnIiwgInR5cGUiOiAieWVsbG93X2NhcmQiLCAicGxheWVyIjogIkFiZHVrb2RpciBLSFVTQU5PViIsICJ0ZWFtIjogImhvbWUifSwgeyJtaW51dGUiOiAiNDAnIiwgInR5cGUiOiAiZ29hbCIsICJwbGF5ZXIiOiAiRGFuaWVsIE1VTk9aIiwgInRlYW0iOiAiYXdheSJ9LCB7Im1pbnV0ZSI6ICI2MCciLCAidHlwZSI6ICJnb2FsIiwgInBsYXllciI6ICJBYmJvc2JlayBGQVlaVUxMQUVWIiwgInRlYW0iOiAiaG9tZSJ9LCB7Im1pbnV0ZSI6ICI2NSciLCAidHlwZSI6ICJnb2FsIiwgInBsYXllciI6ICJMdWlzIERJQVoiLCAidGVhbSI6ICJhd2F5In0sIHsibWludXRlIjogIjkwJys5JyIsICJ0eXBlIjogImdvYWwiLCAicGxheWVyIjogIkphbWludG9uIENBTVBBWiIsICJ0ZWFtIjogImF3YXkifV0=
25,Finished,1,1,CZE,RSA,2026-06-18T16:00:00Z,W3sibWludXRlIjogIjYnIiwgInR5cGUiOiAiZ29hbCIsICJwbGF5ZXIiOiAiTWljaGFsIFNBRElMRUsiLCAidGVhbSI6ICJob21lIn0sIHsibWludXRlIjogIjMzJyIsICJ0eXBlIjogInllbGxvd19jYXJkIiwgInBsYXllciI6ICJUZWJvaG8gTU9LT0VOQSIsICJ0ZWFtIjogImF3YXkifSwgeyJtaW51dGUiOiAiNDAnIiwgInR5cGUiOiAieWVsbG93X2NhcmQiLCAicGxheWVyIjogIlRoYWxlbnRlIE1CQVRIQSIsICJ0ZWFtIjogImF3YXkifSwgeyJtaW51dGUiOiAiNzUnIiwgInR5cGUiOiAieWVsbG93X2NhcmQiLCAicGxheWVyIjogIkxhZGlzbGF2IEtSRUpDSSIsICJ0ZWFtIjogImhvbWUifV0=
26,Finished,4,1,SUI,BIH,2026-06-18T19:00:00Z,W3sibWludXRlIjogIjU5JyIsICJ0eXBlIjogInllbGxvd19jYXJkIiwgInBsYXllciI6ICJBbWFyIERFRElDIiwgInRlYW0iOiAiYXdheSJ9LCB7Im1pbnV0ZSI6ICI2MSciLCAidHlwZSI6ICJ5ZWxsb3dfY2FyZCIsICJwbGF5ZXIiOiAiRWRpbiBEWkVLTyIsICJ0ZWFtIjogImF3YXkifSwgeyJtaW51dGUiOiAiNjUnIiwgInR5cGUiOiAieWVsbG93X2NhcmQiLCAicGxheWVyIjogIk5pY28gRUxWRURJIiwgInRlYW0iOiAiaG9tZSJ9LCB7Im1pbnV0ZSI6ICI3NCciLCAidHlwZSI6ICJnb2FsIiwgInBsYXllciI6ICJKb2hhbiBNQU5aQU1CSSIsICJ0ZWFtIjogImhvbWUifSwgeyJtaW51dGUiOiAiODAnIiwgInR5cGUiOiAicmVkX2NhcmQiLCAicGxheWVyIjogIlRhcmlrIE1VSEFSRU1PVklDIiwgInRlYW0iOiAiYXdheSJ9LCB7Im1pbnV0ZSI6ICI4NCciLCAidHlwZSI6ICJnb2FsIiwgInBsYXllciI6ICJSdWJlbiBWQVJHQVMiLCAidGVhbSI6ICJob21lIn0sIHsibWludXRlIjogIjkwJyIsICJ0eXBlIjogImdvYWwiLCAicGxheWVyIjogIkpvaGFuIE1BTlpBTUJJIiwgInRlYW0iOiAiaG9tZSJ9LCB7Im1pbnV0ZSI6ICI5MCcrMyciLCAidHlwZSI6ICJnb2FsIiwgInBsYXllciI6ICJFcm1pbiBNQUhNSUMiLCAidGVhbSI6ICJhd2F5In1d
27,Finished,6,0,CAN,QAT,2026-06-18T22:00:00Z,W3sibWludXRlIjogIjknIiwgInR5cGUiOiAieWVsbG93X2NhcmQiLCAicGxheWVyIjogIkRlcmVrIENPUk5FTElVUyIsICJ0ZWFtIjogImhvbWUifSwgeyJtaW51dGUiOiAiMTYnIiwgInR5cGUiOiAiZ29hbCIsICJwbGF5ZXIiOiAiQ3lsZSBMQVJJTiIsICJ0ZWFtIjogImhvbWUifSwgeyJtaW51dGUiOiAiMjknIiwgInR5cGUiOiAiZ29hbCIsICJwbGF5ZXIiOiAiSm9uYXRoYW4gREFWSUQiLCAidGVhbSI6ICJob21lIn0sIHsibWludXRlIjogIjMzJyIsICJ0eXBlIjogInJlZF9jYXJkIiwgInBsYXllciI6ICJIT01BTSBBSE1FRCIsICJ0ZWFtIjogImF3YXkifSwgeyJtaW51dGUiOiAiNDUnKzMnIiwgInR5cGUiOiAiZ29hbCIsICJwbGF5ZXIiOiAiSm9uYXRoYW4gREFWSUQiLCAidGVhbSI6ICJob21lIn0sIHsibWludXRlIjogIjUxJyIsICJ0eXBlIjogInJlZF9jYXJkIiwgInBsYXllciI6ICJBU1NJTSBNQURJQk8iLCAidGVhbSI6ICJhd2F5In0sIHsibWludXRlIjogIjYyJyIsICJ0eXBlIjogInllbGxvd19jYXJkIiwgInBsYXllciI6ICJBSE1FRCBGQVRIWSIsICJ0ZWFtIjogImF3YXkifSwgeyJtaW51dGUiOiAiNjQnIiwgInR5cGUiOiAiZ29hbCIsICJwbGF5ZXIiOiAiTmF0aGFuIFNBTElCQSIsICJ0ZWFtIjogImhvbWUifSwgeyJtaW51dGUiOiAiOTAnKzInIiwgInR5cGUiOiAiZ29hbCIsICJwbGF5ZXIiOiAiSm9uYXRoYW4gREFWSUQiLCAidGVhbSI6ICJob21lIn1d
28,Finished,1,0,MEX,KOR,2026-06-19T01:00:00Z,W3sibWludXRlIjogIjQnIiwgInR5cGUiOiAieWVsbG93X2NhcmQiLCAicGxheWVyIjogIkxFRSBLYW5naW4iLCAidGVhbSI6ICJhd2F5In0sIHsibWludXRlIjogIjUwJyIsICJ0eXBlIjogImdvYWwiLCAicGxheWVyIjogIkx1aXMgUk9NTyIsICJ0ZWFtIjogImhvbWUifSwgeyJtaW51dGUiOiAiNTgnIiwgInR5cGUiOiAieWVsbG93X2NhcmQiLCAicGxheWVyIjogIlBBSUsgU2V1bmdobyIsICJ0ZWFtIjogImF3YXkifV0=
29,Finished,2,0,USA,AUS,2026-06-19T19:00:00Z,W3sibWludXRlIjogIjE2JyIsICJ0eXBlIjogInllbGxvd19jYXJkIiwgInBsYXllciI6ICJKb3JkYW4gQk9TIiwgInRlYW0iOiAiYXdheSJ9LCB7Im1pbnV0ZSI6ICIzMiciLCAidHlwZSI6ICJ5ZWxsb3dfY2FyZCIsICJwbGF5ZXIiOiAiQWxlc3NhbmRybyBDSVJDQVRJIiwgInRlYW0iOiAiYXdheSJ9LCB7Im1pbnV0ZSI6ICI0MyciLCAidHlwZSI6ICJnb2FsIiwgInBsYXllciI6ICJBbGV4IEZSRUVNQU4iLCAidGVhbSI6ICJob21lIn0sIHsibWludXRlIjogIjU2JyIsICJ0eXBlIjogInllbGxvd19jYXJkIiwgInBsYXllciI6ICJBbnRvbmVlIFJPQklOU09OIiwgInRlYW0iOiAiaG9tZSJ9LCB7Im1pbnV0ZSI6ICI4OSciLCAidHlwZSI6ICJ5ZWxsb3dfY2FyZCIsICJwbGF5ZXIiOiAiRm9sYXJpbiBCQUxPR1VOIiwgInRlYW0iOiAiaG9tZSJ9LCB7Im1pbnV0ZSI6ICI4OSciLCAidHlwZSI6ICJ5ZWxsb3dfY2FyZCIsICJwbGF5ZXIiOiAiSmFjb2IgSVRBTElBTk8iLCAidGVhbSI6ICJhd2F5In0sIHsibWludXRlIjogIjg5JyIsICJ0eXBlIjogInllbGxvd19jYXJkIiwgInBsYXllciI6ICJIYXJyeSBTT1VUVEFSIiwgInRlYW0iOiAiYXdheSJ9LCB7Im1pbnV0ZSI6ICI5MCcrMyciLCAidHlwZSI6ICJ5ZWxsb3dfY2FyZCIsICJwbGF5ZXIiOiAiQ2hyaXMgUklDSEFSRFMiLCAidGVhbSI6ICJob21lIn1d
30,Finished,0,1,SCO,MAR,2026-06-19T22:00:00Z,W3sibWludXRlIjogIjInIiwgInR5cGUiOiAiZ29hbCIsICJwbGF5ZXIiOiAiSXNtYWVsIFNBSUJBUkkiLCAidGVhbSI6ICJhd2F5In0sIHsibWludXRlIjogIjIyJyIsICJ0eXBlIjogInllbGxvd19jYXJkIiwgInBsYXllciI6ICJJc3NhIERJT1AiLCAidGVhbSI6ICJhd2F5In0sIHsibWludXRlIjogIjY1JyIsICJ0eXBlIjogInllbGxvd19jYXJkIiwgInBsYXllciI6ICJBbmR5IFJPQkVSVFNPTiIsICJ0ZWFtIjogImhvbWUifV0=
31,Finished,3,0,BRA,HAI,2026-06-20T00:30:00Z,W3sibWludXRlIjogIjQnIiwgInR5cGUiOiAieWVsbG93X2NhcmQiLCAicGxheWVyIjogIkNhcmxlbnMgQVJDVVMiLCAidGVhbSI6ICJhd2F5In0sIHsibWludXRlIjogIjIzJyIsICJ0eXBlIjogImdvYWwiLCAicGxheWVyIjogIk1BVEhFVVMgQ1VOSEEiLCAidGVhbSI6ICJob21lIn0sIHsibWludXRlIjogIjM2JyIsICJ0eXBlIjogImdvYWwiLCAicGxheWVyIjogIk1BVEhFVVMgQ1VOSEEiLCAidGVhbSI6ICJob21lIn0sIHsibWludXRlIjogIjQ1JyszJyIsICJ0eXBlIjogImdvYWwiLCAicGxheWVyIjogIlZJTklDSVVTIEpVTklPUiIsICJ0ZWFtIjogImhvbWUifSwgeyJtaW51dGUiOiAiNDUnKzQnIiwgInR5cGUiOiAieWVsbG93X2NhcmQiLCAicGxheWVyIjogIkZyYW50emR5IFBJRVJST1QiLCAidGVhbSI6ICJhd2F5In0sIHsibWludXRlIjogIjY1JyIsICJ0eXBlIjogInllbGxvd19jYXJkIiwgInBsYXllciI6ICJET1VHTEFTIFNBTlRPUyIsICJ0ZWFtIjogImhvbWUifSwgeyJtaW51dGUiOiAiNzInIiwgInR5cGUiOiAieWVsbG93X2NhcmQiLCAicGxheWVyIjogIkRhbmxleSBKRUFOIEpBQ1FVRVMiLCAidGVhbSI6ICJhd2F5In1d
32,Finished,0,1,TUR,PAR,2026-06-20T03:00:00Z,W3sibWludXRlIjogIjInIiwgInR5cGUiOiAiZ29hbCIsICJwbGF5ZXIiOiAiTWF0aWFzIEdBTEFSWkEiLCAidGVhbSI6ICJhd2F5In0sIHsibWludXRlIjogIjQnIiwgInR5cGUiOiAieWVsbG93X2NhcmQiLCAicGxheWVyIjogIk1hdGlhcyBHQUxBUlpBIiwgInRlYW0iOiAiYXdheSJ9LCB7Im1pbnV0ZSI6ICIzNyciLCAidHlwZSI6ICJ5ZWxsb3dfY2FyZCIsICJwbGF5ZXIiOiAiQ2FybG9zIEdPTlpBTEVaIiwgInRlYW0iOiAiYXdheSJ9LCB7Im1pbnV0ZSI6ICI0NScrMyciLCAidHlwZSI6ICJyZWRfY2FyZCIsICJwbGF5ZXIiOiAiTWlndWVsIEFMTUlST04iLCAidGVhbSI6ICJhd2F5In0sIHsibWludXRlIjogIjYzJyIsICJ0eXBlIjogInllbGxvd19jYXJkIiwgInBsYXllciI6ICJWaW5jZW56byBNT05URUxMQSIsICJ0ZWFtIjogImhvbWUifSwgeyJtaW51dGUiOiAiNzEnIiwgInR5cGUiOiAieWVsbG93X2NhcmQiLCAicGxheWVyIjogIkVyZW4gRUxNQUxJIiwgInRlYW0iOiAiaG9tZSJ9XQ==
33,Finished,5,1,NED,SWE,2026-06-20T17:00:00Z,W3sibWludXRlIjogIjUnIiwgInR5cGUiOiAiZ29hbCIsICJwbGF5ZXIiOiAiQnJpYW4gQlJPQkJFWSIsICJ0ZWFtIjogImhvbWUifSwgeyJtaW51dGUiOiAiMTcnIiwgInR5cGUiOiAiZ29hbCIsICJwbGF5ZXIiOiAiQnJpYW4gQlJPQkJFWSIsICJ0ZWFtIjogImhvbWUifSwgeyJtaW51dGUiOiAiNDcnIiwgInR5cGUiOiAiZ29hbCIsICJwbGF5ZXIiOiAiQ29keSBHQUtQTyIsICJ0ZWFtIjogImhvbWUifSwgeyJtaW51dGUiOiAiNTMnIiwgInR5cGUiOiAieWVsbG93X2NhcmQiLCAicGxheWVyIjogIkdhYnJpZWwgR1VETVVORFNTT04iLCAidGVhbSI6ICJhd2F5In0sIHsibWludXRlIjogIjU0JyIsICJ0eXBlIjogImdvYWwiLCAicGxheWVyIjogIkNvZHkgR0FLUE8iLCAidGVhbSI6ICJob21lIn0sIHsibWludXRlIjogIjU5JyIsICJ0eXBlIjogImdvYWwiLCAicGxheWVyIjogIkFudGhvbnkgRUxBTkdBIiwgInRlYW0iOiAiYXdheSJ9LCB7Im1pbnV0ZSI6ICI3NSciLCAidHlwZSI6ICJ5ZWxsb3dfY2FyZCIsICJwbGF5ZXIiOiAiWWFzaW4gQVlBUkkiLCAidGVhbSI6ICJhd2F5In0sIHsibWludXRlIjogIjgwJyIsICJ0eXBlIjogInllbGxvd19jYXJkIiwgInBsYXllciI6ICJMdWNhcyBCRVJHVkFMTCIsICJ0ZWFtIjogImF3YXkifSwgeyJtaW51dGUiOiAiODknIiwgInR5cGUiOiAiZ29hbCIsICJwbGF5ZXIiOiAiQ3J5c2VuY2lvIFNVTU1FUlZJTExFIiwgInRlYW0iOiAiaG9tZSJ9XQ==
34,Finished,2,1,GER,CIV,2026-06-20T20:00:00Z,W3sibWludXRlIjogIjMwJyIsICJ0eXBlIjogImdvYWwiLCAicGxheWVyIjogIkZyYW5jayBLRVNTSUUiLCAidGVhbSI6ICJhd2F5In0sIHsibWludXRlIjogIjY4JyIsICJ0eXBlIjogImdvYWwiLCAicGxheWVyIjogIkRlbml6IFVOREFWIiwgInRlYW0iOiAiaG9tZSJ9LCB7Im1pbnV0ZSI6ICI5MCcrNCciLCAidHlwZSI6ICJnb2FsIiwgInBsYXllciI6ICJEZW5peiBVTkRBViIsICJ0ZWFtIjogImhvbWUifV0=
35,Finished,0,0,ECU,CUR,2026-06-21T00:00:00Z,W3sibWludXRlIjogIjM4JyIsICJ0eXBlIjogInllbGxvd19jYXJkIiwgInBsYXllciI6ICJKb3JkeSBBTENJVkFSIiwgInRlYW0iOiAiaG9tZSJ9LCB7Im1pbnV0ZSI6ICIzOSciLCAidHlwZSI6ICJ5ZWxsb3dfY2FyZCIsICJwbGF5ZXIiOiAiTGVhbmRybyBCQUNVTkEiLCAidGVhbSI6ICJhd2F5In0sIHsibWludXRlIjogIjUzJyIsICJ0eXBlIjogInllbGxvd19jYXJkIiwgInBsYXllciI6ICJKdW5pbmhvIEJBQ1VOQSIsICJ0ZWFtIjogImF3YXkifSwgeyJtaW51dGUiOiAiNTYnIiwgInR5cGUiOiAieWVsbG93X2NhcmQiLCAicGxheWVyIjogIkxpdmFubyBDT01FTkVOQ0lBIiwgInRlYW0iOiAiYXdheSJ9LCB7Im1pbnV0ZSI6ICI3NSciLCAidHlwZSI6ICJ5ZWxsb3dfY2FyZCIsICJwbGF5ZXIiOiAiSnVyaWVuIEdBQVJJIiwgInRlYW0iOiAiYXdheSJ9LCB7Im1pbnV0ZSI6ICI5MCcrMSciLCAidHlwZSI6ICJ5ZWxsb3dfY2FyZCIsICJwbGF5ZXIiOiAiR2VydmFuZSBLQVNUQU5FRVIiLCAidGVhbSI6ICJhd2F5In1d
36,Finished,0,4,TUN,JPN,2026-06-21T04:00:00Z,W3sibWludXRlIjogIjQnIiwgInR5cGUiOiAiZ29hbCIsICJwbGF5ZXIiOiAiRGFpY2hpIEtBTUFEQSIsICJ0ZWFtIjogImF3YXkifSwgeyJtaW51dGUiOiAiMzEnIiwgInR5cGUiOiAiZ29hbCIsICJwbGF5ZXIiOiAiQXlhc2UgVUVEQSIsICJ0ZWFtIjogImF3YXkifSwgeyJtaW51dGUiOiAiNjknIiwgInR5cGUiOiAiZ29hbCIsICJwbGF5ZXIiOiAiSnVueWEgSVRPIiwgInRlYW0iOiAiYXdheSJ9LCB7Im1pbnV0ZSI6ICI4MyciLCAidHlwZSI6ICJnb2FsIiwgInBsYXllciI6ICJBeWFzZSBVRURBIiwgInRlYW0iOiAiYXdheSJ9XQ==
37,Finished,4,0,ESP,KSA,2026-06-21T16:00:00Z,W3sibWludXRlIjogIjEwJyIsICJ0eXBlIjogImdvYWwiLCAicGxheWVyIjogIkxhbWluZSBZQU1BTCIsICJ0ZWFtIjogImhvbWUifSwgeyJtaW51dGUiOiAiMjEnIiwgInR5cGUiOiAiZ29hbCIsICJwbGF5ZXIiOiAiTWlrZWwgT1lBUlpBQkFMIiwgInRlYW0iOiAiaG9tZSJ9LCB7Im1pbnV0ZSI6ICIyNCciLCAidHlwZSI6ICJnb2FsIiwgInBsYXllciI6ICJNaWtlbCBPWUFSWkFCQUwiLCAidGVhbSI6ICJob21lIn0sIHsibWludXRlIjogIjMwJyIsICJ0eXBlIjogInllbGxvd19jYXJkIiwgInBsYXllciI6ICJTQUxFTSBBTERBV1NBUkkiLCAidGVhbSI6ICJhd2F5In0sIHsibWludXRlIjogIjYwJyIsICJ0eXBlIjogInllbGxvd19jYXJkIiwgInBsYXllciI6ICJNT0hBTUVEIEtBTk5PIiwgInRlYW0iOiAiYXdheSJ9XQ==
38,Finished,0,0,BEL,IRN,2026-06-21T19:00:00Z,W3sibWludXRlIjogIjMnIiwgInR5cGUiOiAieWVsbG93X2NhcmQiLCAicGxheWVyIjogIlJvbWVsdSBMVUtBS1UiLCAidGVhbSI6ICJob21lIn0sIHsibWludXRlIjogIjMzJyIsICJ0eXBlIjogInllbGxvd19jYXJkIiwgInBsYXllciI6ICJTYWVpZCBFWkFUT0xBSEkiLCAidGVhbSI6ICJhd2F5In0sIHsibWludXRlIjogIjY2JyIsICJ0eXBlIjogInJlZF9jYXJkIiwgInBsYXllciI6ICJOYXRoYW4gTkdPWSIsICJ0ZWFtIjogImhvbWUifV0=
39,Finished,2,2,URU,CPV,2026-06-21T22:00:00Z,W3sibWludXRlIjogIjUnIiwgInR5cGUiOiAieWVsbG93X2NhcmQiLCAicGxheWVyIjogIlNJRE5ZIExPUEVTIENBQlJBTCIsICJ0ZWFtIjogImF3YXkifSwgeyJtaW51dGUiOiAiMjAnIiwgInR5cGUiOiAieWVsbG93X2NhcmQiLCAicGxheWVyIjogIlJvZHJpZ28gQkVOVEFOQ1VSIiwgInRlYW0iOiAiaG9tZSJ9LCB7Im1pbnV0ZSI6ICIyMSciLCAidHlwZSI6ICJnb2FsIiwgInBsYXllciI6ICJLRVZJTiBQSU5BIiwgInRlYW0iOiAiYXdheSJ9LCB7Im1pbnV0ZSI6ICI0NCciLCAidHlwZSI6ICJnb2FsIiwgInBsYXllciI6ICJNYXhpIEFSQVVKTyIsICJ0ZWFtIjogImhvbWUifSwgeyJtaW51dGUiOiAiNDUnKzYnIiwgInR5cGUiOiAiZ29hbCIsICJwbGF5ZXIiOiAiQWd1c3RpbiBDQU5PQkJJTyIsICJ0ZWFtIjogImhvbWUifSwgeyJtaW51dGUiOiAiNTgnIiwgInR5cGUiOiAieWVsbG93X2NhcmQiLCAicGxheWVyIjogIk1hdGhpYXMgT0xJVkVSQSIsICJ0ZWFtIjogImhvbWUifSwgeyJtaW51dGUiOiAiNjEnIiwgInR5cGUiOiAiZ29hbCIsICJwbGF5ZXIiOiAiSEVMSU8gVkFSRUxBIiwgInRlYW0iOiAiYXdheSJ9LCB7Im1pbnV0ZSI6ICI5MCcrMyciLCAidHlwZSI6ICJ5ZWxsb3dfY2FyZCIsICJwbGF5ZXIiOiAiRElORVkgQk9SR0VTIiwgInRlYW0iOiAiYXdheSJ9XQ==
40,Finished,1,3,NZL,EGY,2026-06-22T01:00:00Z,W3sibWludXRlIjogIjE1JyIsICJ0eXBlIjogImdvYWwiLCAicGxheWVyIjogIkZpbm4gU1VSTUFOIiwgInRlYW0iOiAiaG9tZSJ9LCB7Im1pbnV0ZSI6ICIxNyciLCAidHlwZSI6ICJ5ZWxsb3dfY2FyZCIsICJwbGF5ZXIiOiAiTU9IQU5BRCBMQVNISU4iLCAidGVhbSI6ICJhd2F5In0sIHsibWludXRlIjogIjIwJyIsICJ0eXBlIjogInllbGxvd19jYXJkIiwgInBsYXllciI6ICJTYXJwcmVldCBTSU5HSCIsICJ0ZWFtIjogImhvbWUifSwgeyJtaW51dGUiOiAiMzQnIiwgInR5cGUiOiAieWVsbG93X2NhcmQiLCAicGxheWVyIjogIkNhbGx1bSBNY0NPV0FUVCIsICJ0ZWFtIjogImhvbWUifSwgeyJtaW51dGUiOiAiNTgnIiwgInR5cGUiOiAiZ29hbCIsICJwbGF5ZXIiOiAiTU9TVEFGQSBaSUNPIiwgInRlYW0iOiAiYXdheSJ9LCB7Im1pbnV0ZSI6ICI2NyciLCAidHlwZSI6ICJnb2FsIiwgInBsYXllciI6ICJNT0hBTUVEIFNBTEFIIiwgInRlYW0iOiAiYXdheSJ9LCB7Im1pbnV0ZSI6ICI4MiciLCAidHlwZSI6ICJnb2FsIiwgInBsYXllciI6ICJUUkVaRUdVRVQiLCAidGVhbSI6ICJhd2F5In1d
41,Finished,2,0,ARG,AUT,2026-06-22T17:00:00Z,W3sibWludXRlIjogIjM4JyIsICJ0eXBlIjogImdvYWwiLCAicGxheWVyIjogIkxpb25lbCBNRVNTSSIsICJ0ZWFtIjogImhvbWUifSwgeyJtaW51dGUiOiAiNDAnIiwgInR5cGUiOiAieWVsbG93X2NhcmQiLCAicGxheWVyIjogIlN0ZWZhbiBQT1NDSCIsICJ0ZWFtIjogImF3YXkifSwgeyJtaW51dGUiOiAiNzYnIiwgInR5cGUiOiAieWVsbG93X2NhcmQiLCAicGxheWVyIjogIktvbnJhZCBMQUlNRVIiLCAidGVhbSI6ICJhd2F5In0sIHsibWludXRlIjogIjc2JyIsICJ0eXBlIjogInllbGxvd19jYXJkIiwgInBsYXllciI6ICJGYWN1bmRvIE1FRElOQSIsICJ0ZWFtIjogImhvbWUifSwgeyJtaW51dGUiOiAiOTAnKzInIiwgInR5cGUiOiAieWVsbG93X2NhcmQiLCAicGxheWVyIjogIkxlYW5kcm8gUEFSRURFUyIsICJ0ZWFtIjogImhvbWUifSwgeyJtaW51dGUiOiAiOTAnKzUnIiwgInR5cGUiOiAiZ29hbCIsICJwbGF5ZXIiOiAiTGlvbmVsIE1FU1NJIiwgInRlYW0iOiAiaG9tZSJ9XQ==
42,Finished,3,0,FRA,IRQ,2026-06-22T21:00:00Z,W3sibWludXRlIjogIjYnIiwgInR5cGUiOiAieWVsbG93X2NhcmQiLCAicGxheWVyIjogIkFNSVIgQUxBTU1BUkkiLCAidGVhbSI6ICJhd2F5In0sIHsibWludXRlIjogIjE0JyIsICJ0eXBlIjogImdvYWwiLCAicGxheWVyIjogIkt5bGlhbiBNQkFQUEUiLCAidGVhbSI6ICJob21lIn0sIHsibWludXRlIjogIjU0JyIsICJ0eXBlIjogImdvYWwiLCAicGxheWVyIjogIkt5bGlhbiBNQkFQUEUiLCAidGVhbSI6ICJob21lIn0sIHsibWludXRlIjogIjY2JyIsICJ0eXBlIjogImdvYWwiLCAicGxheWVyIjogIk91c21hbmUgREVNQkVMRSIsICJ0ZWFtIjogImhvbWUifV0=
43,Finished,3,2,NOR,SEN,2026-06-23T00:00:00Z,W3sibWludXRlIjogIjQzJyIsICJ0eXBlIjogImdvYWwiLCAicGxheWVyIjogIk1hcmN1cyBIT0xNR1JFTiBQRURFUlNFTiIsICJ0ZWFtIjogImhvbWUifSwgeyJtaW51dGUiOiAiNDgnIiwgInR5cGUiOiAiZ29hbCIsICJwbGF5ZXIiOiAiRXJsaW5nIEhBQUxBTkQiLCAidGVhbSI6ICJob21lIn0sIHsibWludXRlIjogIjUzJyIsICJ0eXBlIjogImdvYWwiLCAicGxheWVyIjogIklzbWFpbGEgU0FSUiIsICJ0ZWFtIjogImF3YXkifSwgeyJtaW51dGUiOiAiNTgnIiwgInR5cGUiOiAiZ29hbCIsICJwbGF5ZXIiOiAiRXJsaW5nIEhBQUxBTkQiLCAidGVhbSI6ICJob21lIn0sIHsibWludXRlIjogIjkwJyszJyIsICJ0eXBlIjogImdvYWwiLCAicGxheWVyIjogIklzbWFpbGEgU0FSUiIsICJ0ZWFtIjogImF3YXkifV0=
44,Finished,1,2,JOR,ALG,2026-06-23T03:00:00Z,W3sibWludXRlIjogIjM2JyIsICJ0eXBlIjogImdvYWwiLCAicGxheWVyIjogIk5JWkFSIEFMUkFTSERBTiIsICJ0ZWFtIjogImhvbWUifSwgeyJtaW51dGUiOiAiNDQnIiwgInR5cGUiOiAieWVsbG93X2NhcmQiLCAicGxheWVyIjogIlJhbWl6IFpFUlJPVUtJIiwgInRlYW0iOiAiYXdheSJ9LCB7Im1pbnV0ZSI6ICI2NCciLCAidHlwZSI6ICJ5ZWxsb3dfY2FyZCIsICJwbGF5ZXIiOiAiSFVTQU0gQUJVREFIQUIiLCAidGVhbSI6ICJob21lIn0sIHsibWludXRlIjogIjY5JyIsICJ0eXBlIjogImdvYWwiLCAicGxheWVyIjogIk5hZGhpciBCRU5CT1VBTEkiLCAidGVhbSI6ICJhd2F5In0sIHsibWludXRlIjogIjgyJyIsICJ0eXBlIjogImdvYWwiLCAicGxheWVyIjogIkFtaW5lIEdPVUlSSSIsICJ0ZWFtIjogImF3YXkifV0=
45,Finished,5,0,POR,UZB,2026-06-23T17:00:00Z,W3sibWludXRlIjogIjYnIiwgInR5cGUiOiAiZ29hbCIsICJwbGF5ZXIiOiAiQ1JJU1RJQU5PIFJPTkFMRE8iLCAidGVhbSI6ICJob21lIn0sIHsibWludXRlIjogIjE0JyIsICJ0eXBlIjogInllbGxvd19jYXJkIiwgInBsYXllciI6ICJPZGlsam9uIFhBTVJPQkVLT1YiLCAidGVhbSI6ICJhd2F5In0sIHsibWludXRlIjogIjE3JyIsICJ0eXBlIjogImdvYWwiLCAicGxheWVyIjogIk5VTk8gTUVOREVTIiwgInRlYW0iOiAiaG9tZSJ9LCB7Im1pbnV0ZSI6ICIzOSciLCAidHlwZSI6ICJnb2FsIiwgInBsYXllciI6ICJDUklTVElBTk8gUk9OQUxETyIsICJ0ZWFtIjogImhvbWUifSwgeyJtaW51dGUiOiAiNjgnIiwgInR5cGUiOiAieWVsbG93X2NhcmQiLCAicGxheWVyIjogIlJFTkFUTyBWRUlHQSIsICJ0ZWFtIjogImhvbWUifSwgeyJtaW51dGUiOiAiODcnIiwgInR5cGUiOiAiZ29hbCIsICJwbGF5ZXIiOiAiUkFGQUVMIExFQU8iLCAidGVhbSI6ICJob21lIn1d
46,Finished,0,0,ENG,GHA,2026-06-23T20:00:00Z,W3sibWludXRlIjogIjQxJyIsICJ0eXBlIjogInllbGxvd19jYXJkIiwgInBsYXllciI6ICJEZWNsYW4gUklDRSIsICJ0ZWFtIjogImhvbWUifSwgeyJtaW51dGUiOiAiNjAnIiwgInR5cGUiOiAieWVsbG93X2NhcmQiLCAicGxheWVyIjogIkluYWtpIFdJTExJQU1TIiwgInRlYW0iOiAiYXdheSJ9XQ==
47,Finished,0,1,PAN,CRO,2026-06-23T23:00:00Z,W3sibWludXRlIjogIjU0JyIsICJ0eXBlIjogImdvYWwiLCAicGxheWVyIjogIkFudGUgQlVESU1JUiIsICJ0ZWFtIjogImF3YXkifSwgeyJtaW51dGUiOiAiNjEnIiwgInR5cGUiOiAieWVsbG93X2NhcmQiLCAicGxheWVyIjogIkVkZ2FyIFlvZWwgQkFSQ0VOQVMiLCAidGVhbSI6ICJob21lIn0sIHsibWludXRlIjogIjkwJysyJyIsICJ0eXBlIjogInllbGxvd19jYXJkIiwgInBsYXllciI6ICJQZXRhciBTVUNJQyIsICJ0ZWFtIjogImF3YXkifV0=
48,Finished,1,0,COL,COD,2026-06-24T02:00:00Z,W3sibWludXRlIjogIjU2JyIsICJ0eXBlIjogInllbGxvd19jYXJkIiwgInBsYXllciI6ICJKaG9uIExVQ1VNSSIsICJ0ZWFtIjogImhvbWUifSwgeyJtaW51dGUiOiAiNzYnIiwgInR5cGUiOiAiZ29hbCIsICJwbGF5ZXIiOiAiRGFuaWVsIE1VTk9aIiwgInRlYW0iOiAiaG9tZSJ9LCB7Im1pbnV0ZSI6ICI5MCcrMyciLCAidHlwZSI6ICJ5ZWxsb3dfY2FyZCIsICJwbGF5ZXIiOiAiQ2hhcmxlcyBQSUNLRUwiLCAidGVhbSI6ICJhd2F5In0sIHsibWludXRlIjogIjkwJys0JyIsICJ0eXBlIjogInllbGxvd19jYXJkIiwgInBsYXllciI6ICJKZWZmZXJzb24gTEVSTUEiLCAidGVhbSI6ICJob21lIn1d
50,Finished,3,1,BIH,QAT,2026-06-24T19:00:00Z,W3sibWludXRlIjogIjI5JyIsICJ0eXBlIjogImdvYWwiLCAicGxheWVyIjogIktlcmltIEFMQUpCRUdPVklDIiwgInRlYW0iOiAiaG9tZSJ9LCB7Im1pbnV0ZSI6ICI0MiciLCAidHlwZSI6ICJnb2FsIiwgInBsYXllciI6ICJIQVNTQU4gQUxIQVlET1MiLCAidGVhbSI6ICJhd2F5In0sIHsibWludXRlIjogIjc4JyIsICJ0eXBlIjogInllbGxvd19jYXJkIiwgInBsYXllciI6ICJBSE1FRCBGQVRIWSIsICJ0ZWFtIjogImF3YXkifSwgeyJtaW51dGUiOiAiODAnIiwgInR5cGUiOiAiZ29hbCIsICJwbGF5ZXIiOiAiRXJtaW4gTUFITUlDIiwgInRlYW0iOiAiaG9tZSJ9LCB7Im1pbnV0ZSI6ICI4MiciLCAidHlwZSI6ICJ5ZWxsb3dfY2FyZCIsICJwbGF5ZXIiOiAiRXJtaW4gTUFITUlDIiwgInRlYW0iOiAiaG9tZSJ9XQ==
49,Finished,2,1,SUI,CAN,2026-06-24T19:00:00Z,W3sibWludXRlIjogIjMyJyIsICJ0eXBlIjogInllbGxvd19jYXJkIiwgInBsYXllciI6ICJDeWxlIExBUklOIiwgInRlYW0iOiAiYXdheSJ9LCB7Im1pbnV0ZSI6ICIzMiciLCAidHlwZSI6ICJ5ZWxsb3dfY2FyZCIsICJwbGF5ZXIiOiAiR3Jhbml0IFhIQUtBIiwgInRlYW0iOiAiaG9tZSJ9LCB7Im1pbnV0ZSI6ICI0NiciLCAidHlwZSI6ICJnb2FsIiwgInBsYXllciI6ICJSdWJlbiBWQVJHQVMiLCAidGVhbSI6ICJob21lIn0sIHsibWludXRlIjogIjU3JyIsICJ0eXBlIjogImdvYWwiLCAicGxheWVyIjogIkpvaGFuIE1BTlpBTUJJIiwgInRlYW0iOiAiaG9tZSJ9LCB7Im1pbnV0ZSI6ICI3NiciLCAidHlwZSI6ICJnb2FsIiwgInBsYXllciI6ICJQcm9taXNlIERBVklEIiwgInRlYW0iOiAiYXdheSJ9LCB7Im1pbnV0ZSI6ICI4NyciLCAidHlwZSI6ICJ5ZWxsb3dfY2FyZCIsICJwbGF5ZXIiOiAiTGlhbSBNSUxMQVIiLCAidGVhbSI6ICJhd2F5In1d
52,Live,3,2,MAR,HAI,2026-06-24T22:00:00Z,W3sibWludXRlIjogIjM5JyIsICJ0eXBlIjogImdvYWwiLCAicGxheWVyIjogIkFjaHJhZiBIQUtJTUkiLCAidGVhbSI6ICJob21lIn0sIHsibWludXRlIjogIjQzJyIsICJ0eXBlIjogImdvYWwiLCAicGxheWVyIjogIldpbHNvbiBJU0lET1IiLCAidGVhbSI6ICJhd2F5In0sIHsibWludXRlIjogIjQ1JysxJyIsICJ0eXBlIjogImdvYWwiLCAicGxheWVyIjogIklzbWFlbCBTQUlCQVJJIiwgInRlYW0iOiAiaG9tZSJ9LCB7Im1pbnV0ZSI6ICI3OCciLCAidHlwZSI6ICJnb2FsIiwgInBsYXllciI6ICJTb3VmaWFuZSBSQUhJTUkiLCAidGVhbSI6ICJob21lIn0sIHsibWludXRlIjogIjc5JyIsICJ0eXBlIjogInllbGxvd19jYXJkIiwgInBsYXllciI6ICJEdWNrZW5zIE5BWk9OIiwgInRlYW0iOiAiYXdheSJ9XQ==
51,Live,0,3,SCO,BRA,2026-06-24T22:00:00Z,W3sibWludXRlIjogIjcnIiwgInR5cGUiOiAiZ29hbCIsICJwbGF5ZXIiOiAiVklOSUNJVVMgSlVOSU9SIiwgInRlYW0iOiAiYXdheSJ9LCB7Im1pbnV0ZSI6ICI0NScrMyciLCAidHlwZSI6ICJnb2FsIiwgInBsYXllciI6ICJWSU5JQ0lVUyBKVU5JT1IiLCAidGVhbSI6ICJhd2F5In0sIHsibWludXRlIjogIjYwJyIsICJ0eXBlIjogImdvYWwiLCAicGxheWVyIjogIk1BVEhFVVMgQ1VOSEEiLCAidGVhbSI6ICJhd2F5In0sIHsibWludXRlIjogIjYyJyIsICJ0eXBlIjogInllbGxvd19jYXJkIiwgInBsYXllciI6ICJEQU5JTE8iLCAidGVhbSI6ICJhd2F5In1d
54,Scheduled,0,0,RSA,KOR,2026-06-25T01:00:00Z,
53,Scheduled,0,0,CZE,MEX,2026-06-25T01:00:00Z,
55,Scheduled,0,0,CUR,CIV,2026-06-25T20:00:00Z,
56,Scheduled,0,0,ECU,GER,2026-06-25T20:00:00Z,
58,Scheduled,0,0,TUN,NED,2026-06-25T23:00:00Z,
57,Scheduled,0,0,JPN,SWE,2026-06-25T23:00:00Z,
60,Scheduled,0,0,PAR,AUS,2026-06-26T02:00:00Z,
59,Scheduled,0,0,TUR,USA,2026-06-26T02:00:00Z,
62,Scheduled,0,0,SEN,IRQ,2026-06-26T19:00:00Z,
61,Scheduled,0,0,NOR,FRA,2026-06-26T19:00:00Z,
64,Scheduled,0,0,URU,ESP,2026-06-27T00:00:00Z,
63,Scheduled,0,0,CPV,KSA,2026-06-27T00:00:00Z,
66,Scheduled,0,0,NZL,BEL,2026-06-27T03:00:00Z,
65,Scheduled,0,0,EGY,IRN,2026-06-27T03:00:00Z,
67,Scheduled,0,0,PAN,ENG,2026-06-27T21:00:00Z,
68,Scheduled,0,0,CRO,GHA,2026-06-27T21:00:00Z,
70,Scheduled,0,0,COD,UZB,2026-06-27T23:30:00Z,
69,Scheduled,0,0,COL,POR,2026-06-27T23:30:00Z,
71,Scheduled,0,0,ALG,AUT,2026-06-28T02:00:00Z,
72,Scheduled,0,0,JOR,ARG,2026-06-28T02:00:00Z,
73,Scheduled,0,0,,CAN,2026-06-28T19:00:00Z,
74,Scheduled,0,0,,,2026-06-29T17:00:00Z,
75,Scheduled,0,0,GER,,2026-06-29T20:30:00Z,
76,Scheduled,0,0,,,2026-06-30T01:00:00Z,
77,Scheduled,0,0,,,2026-06-30T17:00:00Z,
78,Scheduled,0,0,,,2026-06-30T21:00:00Z,
79,Scheduled,0,0,MEX,,2026-07-01T01:00:00Z,
80,Scheduled,0,0,,,2026-07-01T16:00:00Z,
81,Scheduled,0,0,,,2026-07-01T20:00:00Z,
82,Scheduled,0,0,USA,,2026-07-02T00:00:00Z,
83,Scheduled,0,0,,,2026-07-02T19:00:00Z,
84,Scheduled,0,0,,,2026-07-02T23:00:00Z,
85,Scheduled,0,0,SUI,,2026-07-03T03:00:00Z,
86,Scheduled,0,0,,,2026-07-03T18:00:00Z,
87,Scheduled,0,0,ARG,,2026-07-03T22:00:00Z,
88,Scheduled,0,0,,,2026-07-04T01:30:00Z,
89,Scheduled,0,0,,,2026-07-04T17:00:00Z,
90,Scheduled,0,0,,,2026-07-04T21:00:00Z,
91,Scheduled,0,0,,,2026-07-05T20:00:00Z,
92,Scheduled,0,0,,,2026-07-06T00:00:00Z,
93,Scheduled,0,0,,,2026-07-06T19:00:00Z,
94,Scheduled,0,0,,,2026-07-07T00:00:00Z,
95,Scheduled,0,0,,,2026-07-07T16:00:00Z,
96,Scheduled,0,0,,,2026-07-07T20:00:00Z,
97,Scheduled,0,0,,,2026-07-09T20:00:00Z,
98,Scheduled,0,0,,,2026-07-10T19:00:00Z,
99,Scheduled,0,0,,,2026-07-11T21:00:00Z,
100,Scheduled,0,0,,,2026-07-12T01:00:00Z,
101,Scheduled,0,0,,,2026-07-14T19:00:00Z,
102,Scheduled,0,0,,,2026-07-15T19:00:00Z,
103,Scheduled,0,0,,,2026-07-18T21:00:00Z,
104,Scheduled,0,0,,,2026-07-19T19:00:00Z,
