id,status,home_score,away_score,home_team_code,away_team_code,kickoff_utc,events,home_team_name,home_team_emoji,away_team_name,away_team_emoji,stage,group_or_label,venue_name,venue_city,venue_country,home_team_logo,away_team_logo,home_penalty_score,away_penalty_score
135_1223598,Scheduled,0,0,495,505,2026-08-17T16:30:00+00:00,W10=,Genoa,🇮🇹,Inter,🔵⚫️,Serie A,Regular Season - 1,Stadio Comunale Luigi Ferraris,Genova,Italie,https://media.api-sports.io/football/teams/495.png,https://media.api-sports.io/football/teams/505.png,,
135_1223604,Scheduled,0,0,523,502,2026-08-17T16:30:00+00:00,W10=,Parma,🇮🇹,Fiorentina,🇮🇹,Serie A,Regular Season - 1,Stadio Ennio Tardini,Parma,Italie,https://media.api-sports.io/football/teams/523.png,https://media.api-sports.io/football/teams/502.png,,
135_1223603,Scheduled,0,0,489,503,2026-08-17T18:45:00+00:00,W10=,AC Milan,🔴⚫️,Torino,🇮🇹,Serie A,Regular Season - 1,Stadio Giuseppe Meazza,Milano,Italie,https://media.api-sports.io/football/teams/489.png,https://media.api-sports.io/football/teams/503.png,,
135_1223597,Scheduled,0,0,511,1579,2026-08-17T18:45:00+00:00,W10=,Empoli,🇮🇹,Monza,🇮🇹,Serie A,Regular Season - 1,Stadio Carlo Castellani – Computer Gross Arena,Empoli,Italie,https://media.api-sports.io/football/teams/511.png,https://media.api-sports.io/football/teams/1579.png,,
135_1223595,Scheduled,0,0,500,494,2026-08-18T16:30:00+00:00,W10=,Bologna,🇮🇹,Udinese,🇮🇹,Serie A,Regular Season - 1,Stadio Renato Dall'Ara,Bologna,Italie,https://media.api-sports.io/football/teams/500.png,https://media.api-sports.io/football/teams/494.png,,
135_1223599,Scheduled,0,0,504,492,2026-08-18T16:30:00+00:00,W10=,Hellas Verona,🇮🇹,Napoli,🇮🇹,Serie A,Regular Season - 1,Stadio Marcantonio Bentegodi,Verona,Italie,https://media.api-sports.io/football/teams/504.png,https://media.api-sports.io/football/teams/492.png,,
135_1223601,Scheduled,0,0,487,517,2026-08-18T18:45:00+00:00,W10=,Lazio,🇮🇹,Venezia,🇮🇹,Serie A,Regular Season - 1,Stadio Olimpico,Roma,Italie,https://media.api-sports.io/football/teams/487.png,https://media.api-sports.io/football/teams/517.png,,
135_1223596,Scheduled,0,0,490,497,2026-08-18T18:45:00+00:00,W10=,Cagliari,🇮🇹,AS Roma,🇮🇹,Serie A,Regular Season - 1,Unipol Domus,Cagliari,Italie,https://media.api-sports.io/football/teams/490.png,https://media.api-sports.io/football/teams/497.png,,
135_1223602,Scheduled,0,0,867,499,2026-08-19T16:30:00+00:00,W10=,Lecce,🇮🇹,Atalanta,🇮🇹,Serie A,Regular Season - 1,Stadio Ettore Giardiniero - Via del Mare,Lecce,Italie,https://media.api-sports.io/football/teams/867.png,https://media.api-sports.io/football/teams/499.png,,
135_1223600,Scheduled,0,0,496,895,2026-08-19T18:45:00+00:00,W10=,Juventus,⚪️⚫️,Como,🇮🇹,Serie A,Regular Season - 1,Allianz Stadium,Torino,Italie,https://media.api-sports.io/football/teams/496.png,https://media.api-sports.io/football/teams/895.png,,
135_1223614,Scheduled,0,0,494,487,2026-08-24T16:30:00+00:00,W10=,Udinese,🇮🇹,Lazio,🇮🇹,Serie A,Regular Season - 2,Bluenergy Stadium,Udine,Italie,https://media.api-sports.io/football/teams/494.png,https://media.api-sports.io/football/teams/487.png,,
135_1223611,Scheduled,0,0,523,489,2026-08-24T16:30:00+00:00,W10=,Parma,🇮🇹,AC Milan,🔴⚫️,Serie A,Regular Season - 2,Stadio Ennio Tardini,Parma,Italie,https://media.api-sports.io/football/teams/523.png,https://media.api-sports.io/football/teams/489.png,,
135_1223608,Scheduled,0,0,505,867,2026-08-24T18:45:00+00:00,W10=,Inter,🔵⚫️,Lecce,🇮🇹,Serie A,Regular Season - 2,Stadio Giuseppe Meazza,Milano,Italie,https://media.api-sports.io/football/teams/505.png,https://media.api-sports.io/football/teams/867.png,,
135_1223609,Scheduled,0,0,1579,495,2026-08-24T18:45:00+00:00,W10=,Monza,🇮🇹,Genoa,🇮🇹,Serie A,Regular Season - 2,U-Power Stadium,Monza,Italie,https://media.api-sports.io/football/teams/1579.png,https://media.api-sports.io/football/teams/495.png,,
135_1223606,Scheduled,0,0,502,517,2026-08-25T16:30:00+00:00,W10=,Fiorentina,🇮🇹,Venezia,🇮🇹,Serie A,Regular Season - 2,Stadio Artemio Franchi,Firenze,Italie,https://media.api-sports.io/football/teams/502.png,https://media.api-sports.io/football/teams/517.png,,
135_1223613,Scheduled,0,0,503,499,2026-08-25T16:30:00+00:00,W10=,Torino,🇮🇹,Atalanta,🇮🇹,Serie A,Regular Season - 2,Stadio Olimpico Grande Torino,Torino,Italie,https://media.api-sports.io/football/teams/503.png,https://media.api-sports.io/football/teams/499.png,,
135_1223610,Scheduled,0,0,492,500,2026-08-25T18:45:00+00:00,W10=,Napoli,🇮🇹,Bologna,🇮🇹,Serie A,Regular Season - 2,Stadio Diego Armando Maradona,Napoli,Italie,https://media.api-sports.io/football/teams/492.png,https://media.api-sports.io/football/teams/500.png,,
135_1223612,Scheduled,0,0,497,511,2026-08-25T18:45:00+00:00,W10=,AS Roma,🇮🇹,Empoli,🇮🇹,Serie A,Regular Season - 2,Stadio Olimpico,Roma,Italie,https://media.api-sports.io/football/teams/497.png,https://media.api-sports.io/football/teams/511.png,,
135_1223605,Scheduled,0,0,490,895,2026-08-26T16:30:00+00:00,W10=,Cagliari,🇮🇹,Como,🇮🇹,Serie A,Regular Season - 2,Unipol Domus,Cagliari,Italie,https://media.api-sports.io/football/teams/490.png,https://media.api-sports.io/football/teams/895.png,,
135_1223607,Scheduled,0,0,504,496,2026-08-26T18:45:00+00:00,W10=,Hellas Verona,🇮🇹,Juventus,⚪️⚫️,Serie A,Regular Season - 2,Stadio Marcantonio Bentegodi,Verona,Italie,https://media.api-sports.io/football/teams/504.png,https://media.api-sports.io/football/teams/496.png,,
135_1223624,Scheduled,0,0,517,503,2026-08-30T16:30:00+00:00,W10=,Venezia,🇮🇹,Torino,🇮🇹,Serie A,Regular Season - 3,Stadio Pier Luigi Penzo,Venezia,Italie,https://media.api-sports.io/football/teams/517.png,https://media.api-sports.io/football/teams/503.png,,
135_1223618,Scheduled,0,0,505,499,2026-08-30T18:45:00+00:00,W10=,Inter,🔵⚫️,Atalanta,🇮🇹,Serie A,Regular Season - 3,Stadio Giuseppe Meazza,Milano,Italie,https://media.api-sports.io/football/teams/505.png,https://media.api-sports.io/football/teams/499.png,,
135_1223615,Scheduled,0,0,500,511,2026-08-31T16:30:00+00:00,W10=,Bologna,🇮🇹,Empoli,🇮🇹,Serie A,Regular Season - 3,Stadio Renato Dall'Ara,Bologna,Italie,https://media.api-sports.io/football/teams/500.png,https://media.api-sports.io/football/teams/511.png,,
135_1223621,Scheduled,0,0,867,490,2026-08-31T16:30:00+00:00,W10=,Lecce,🇮🇹,Cagliari,🇮🇹,Serie A,Regular Season - 3,Stadio Ettore Giardiniero - Via del Mare,Lecce,Italie,https://media.api-sports.io/football/teams/867.png,https://media.api-sports.io/football/teams/490.png,,
135_1223620,Scheduled,0,0,487,489,2026-08-31T18:45:00+00:00,W10=,Lazio,🇮🇹,AC Milan,🔴⚫️,Serie A,Regular Season - 3,Stadio Olimpico,Roma,Italie,https://media.api-sports.io/football/teams/487.png,https://media.api-sports.io/football/teams/489.png,,
135_1223622,Scheduled,0,0,492,523,2026-08-31T18:45:00+00:00,W10=,Napoli,🇮🇹,Parma,🇮🇹,Serie A,Regular Season - 3,Stadio Diego Armando Maradona,Napoli,Italie,https://media.api-sports.io/football/teams/492.png,https://media.api-sports.io/football/teams/523.png,,
135_1223617,Scheduled,0,0,495,504,2026-09-01T16:30:00+00:00,W10=,Genoa,🇮🇹,Hellas Verona,🇮🇹,Serie A,Regular Season - 3,Stadio Comunale Luigi Ferraris,Genova,Italie,https://media.api-sports.io/football/teams/495.png,https://media.api-sports.io/football/teams/504.png,,
135_1223616,Scheduled,0,0,502,1579,2026-09-01T16:30:00+00:00,W10=,Fiorentina,🇮🇹,Monza,🇮🇹,Serie A,Regular Season - 3,Stadio Artemio Franchi,Firenze,Italie,https://media.api-sports.io/football/teams/502.png,https://media.api-sports.io/football/teams/1579.png,,
135_1223623,Scheduled,0,0,494,895,2026-09-01T18:45:00+00:00,W10=,Udinese,🇮🇹,Como,🇮🇹,Serie A,Regular Season - 3,Bluenergy Stadium,Udine,Italie,https://media.api-sports.io/football/teams/494.png,https://media.api-sports.io/football/teams/895.png,,
135_1223619,Scheduled,0,0,496,497,2026-09-01T18:45:00+00:00,W10=,Juventus,⚪️⚫️,AS Roma,🇮🇹,Serie A,Regular Season - 3,Allianz Stadium,Torino,Italie,https://media.api-sports.io/football/teams/496.png,https://media.api-sports.io/football/teams/497.png,,
135_1223627,Scheduled,0,0,895,500,2026-09-14T13:00:00+00:00,W10=,Como,🇮🇹,Bologna,🇮🇹,Serie A,Regular Season - 4,Stadio Giuseppe Sinigaglia,Como,Italie,https://media.api-sports.io/football/teams/895.png,https://media.api-sports.io/football/teams/500.png,,
135_1223628,Scheduled,0,0,511,496,2026-09-14T16:00:00+00:00,W10=,Empoli,🇮🇹,Juventus,⚪️⚫️,Serie A,Regular Season - 4,Stadio Carlo Castellani – Computer Gross Arena,Empoli,Italie,https://media.api-sports.io/football/teams/511.png,https://media.api-sports.io/football/teams/496.png,,
135_1223631,Scheduled,0,0,489,517,2026-09-14T18:45:00+00:00,W10=,AC Milan,🔴⚫️,Venezia,🇮🇹,Serie A,Regular Season - 4,Stadio Giuseppe Meazza,Milano,Italie,https://media.api-sports.io/football/teams/489.png,https://media.api-sports.io/football/teams/517.png,,
135_1223629,Scheduled,0,0,495,497,2026-09-15T10:30:00+00:00,W10=,Genoa,🇮🇹,AS Roma,🇮🇹,Serie A,Regular Season - 4,Stadio Comunale Luigi Ferraris,Genova,Italie,https://media.api-sports.io/football/teams/495.png,https://media.api-sports.io/football/teams/497.png,,
135_1223625,Scheduled,0,0,499,502,2026-09-15T13:00:00+00:00,W10=,Atalanta,🇮🇹,Fiorentina,🇮🇹,Serie A,Regular Season - 4,Gewiss Stadium,Bergamo,Italie,https://media.api-sports.io/football/teams/499.png,https://media.api-sports.io/football/teams/502.png,,
135_1223634,Scheduled,0,0,503,867,2026-09-15T13:00:00+00:00,W10=,Torino,🇮🇹,Lecce,🇮🇹,Serie A,Regular Season - 4,Stadio Olimpico Grande Torino,Torino,Italie,https://media.api-sports.io/football/teams/503.png,https://media.api-sports.io/football/teams/867.png,,
135_1223626,Scheduled,0,0,490,492,2026-09-15T16:00:00+00:00,W10=,Cagliari,🇮🇹,Napoli,🇮🇹,Serie A,Regular Season - 4,Unipol Domus,Cagliari,Italie,https://media.api-sports.io/football/teams/490.png,https://media.api-sports.io/football/teams/492.png,,
135_1223632,Scheduled,0,0,1579,505,2026-09-15T18:45:00+00:00,W10=,Monza,🇮🇹,Inter,🔵⚫️,Serie A,Regular Season - 4,U-Power Stadium,Monza,Italie,https://media.api-sports.io/football/teams/1579.png,https://media.api-sports.io/football/teams/505.png,,
135_1223633,Scheduled,0,0,523,494,2026-09-16T16:30:00+00:00,W10=,Parma,🇮🇹,Udinese,🇮🇹,Serie A,Regular Season - 4,Stadio Ennio Tardini,Parma,Italie,https://media.api-sports.io/football/teams/523.png,https://media.api-sports.io/football/teams/494.png,,
135_1223630,Scheduled,0,0,487,504,2026-09-16T18:45:00+00:00,W10=,Lazio,🇮🇹,Hellas Verona,🇮🇹,Serie A,Regular Season - 4,Stadio Olimpico,Roma,Italie,https://media.api-sports.io/football/teams/487.png,https://media.api-sports.io/football/teams/504.png,,
135_1223636,Scheduled,0,0,490,511,2026-09-20T16:30:00+00:00,W10=,Cagliari,🇮🇹,Empoli,🇮🇹,Serie A,Regular Season - 5,Unipol Domus,Cagliari,Italie,https://media.api-sports.io/football/teams/490.png,https://media.api-sports.io/football/teams/511.png,,
135_1223638,Scheduled,0,0,504,503,2026-09-20T18:45:00+00:00,W10=,Hellas Verona,🇮🇹,Torino,🇮🇹,Serie A,Regular Season - 5,Stadio Marcantonio Bentegodi,Verona,Italie,https://media.api-sports.io/football/teams/504.png,https://media.api-sports.io/football/teams/503.png,,
135_1223644,Scheduled,0,0,517,495,2026-09-21T13:00:00+00:00,W10=,Venezia,🇮🇹,Genoa,🇮🇹,Serie A,Regular Season - 5,Stadio Pier Luigi Penzo,Venezia,Italie,https://media.api-sports.io/football/teams/517.png,https://media.api-sports.io/football/teams/495.png,,
135_1223640,Scheduled,0,0,496,492,2026-09-21T16:00:00+00:00,W10=,Juventus,⚪️⚫️,Napoli,🇮🇹,Serie A,Regular Season - 5,Allianz Stadium,Torino,Italie,https://media.api-sports.io/football/teams/496.png,https://media.api-sports.io/football/teams/492.png,,
135_1223641,Scheduled,0,0,867,523,2026-09-21T18:45:00+00:00,W10=,Lecce,🇮🇹,Parma,🇮🇹,Serie A,Regular Season - 5,Stadio Ettore Giardiniero - Via del Mare,Lecce,Italie,https://media.api-sports.io/football/teams/867.png,https://media.api-sports.io/football/teams/523.png,,
135_1223637,Scheduled,0,0,502,487,2026-09-22T10:30:00+00:00,W10=,Fiorentina,🇮🇹,Lazio,🇮🇹,Serie A,Regular Season - 5,Stadio Artemio Franchi,Firenze,Italie,https://media.api-sports.io/football/teams/502.png,https://media.api-sports.io/football/teams/487.png,,
135_1223642,Scheduled,0,0,1579,500,2026-09-22T13:00:00+00:00,W10=,Monza,🇮🇹,Bologna,🇮🇹,Serie A,Regular Season - 5,U-Power Stadium,Monza,Italie,https://media.api-sports.io/football/teams/1579.png,https://media.api-sports.io/football/teams/500.png,,
135_1223643,Scheduled,0,0,497,494,2026-09-22T16:00:00+00:00,W10=,AS Roma,🇮🇹,Udinese,🇮🇹,Serie A,Regular Season - 5,Stadio Olimpico,Roma,Italie,https://media.api-sports.io/football/teams/497.png,https://media.api-sports.io/football/teams/494.png,,
135_1223639,Scheduled,0,0,505,489,2026-09-22T18:45:00+00:00,W10=,Inter,🔵⚫️,AC Milan,🔴⚫️,Serie A,Regular Season - 5,Stadio Giuseppe Meazza,Milano,Italie,https://media.api-sports.io/football/teams/505.png,https://media.api-sports.io/football/teams/489.png,,
135_1223635,Scheduled,0,0,499,895,2026-09-24T18:45:00+00:00,W10=,Atalanta,🇮🇹,Como,🇮🇹,Serie A,Regular Season - 5,Gewiss Stadium,Bergamo,Italie,https://media.api-sports.io/football/teams/499.png,https://media.api-sports.io/football/teams/895.png,,
135_1223649,Scheduled,0,0,489,867,2026-09-27T18:45:00+00:00,W10=,AC Milan,🔴⚫️,Lecce,🇮🇹,Serie A,Regular Season - 6,Stadio Giuseppe Meazza,Milano,Italie,https://media.api-sports.io/football/teams/489.png,https://media.api-sports.io/football/teams/867.png,,
135_1223654,Scheduled,0,0,494,505,2026-09-28T13:00:00+00:00,W10=,Udinese,🇮🇹,Inter,🔵⚫️,Serie A,Regular Season - 6,Bluenergy Stadium,Udine,Italie,https://media.api-sports.io/football/teams/494.png,https://media.api-sports.io/football/teams/505.png,,
135_1223648,Scheduled,0,0,495,496,2026-09-28T16:00:00+00:00,W10=,Genoa,🇮🇹,Juventus,⚪️⚫️,Serie A,Regular Season - 6,Stadio Comunale Luigi Ferraris,Genova,Italie,https://media.api-sports.io/football/teams/495.png,https://media.api-sports.io/football/teams/496.png,,
135_1223645,Scheduled,0,0,500,499,2026-09-28T18:45:00+00:00,W10=,Bologna,🇮🇹,Atalanta,🇮🇹,Serie A,Regular Season - 6,Stadio Renato Dall'Ara,Bologna,Italie,https://media.api-sports.io/football/teams/500.png,https://media.api-sports.io/football/teams/499.png,,
135_1223653,Scheduled,0,0,503,487,2026-09-29T10:30:00+00:00,W10=,Torino,🇮🇹,Lazio,🇮🇹,Serie A,Regular Season - 6,Stadio Olimpico Grande Torino,Torino,Italie,https://media.api-sports.io/football/teams/503.png,https://media.api-sports.io/football/teams/487.png,,
135_1223652,Scheduled,0,0,497,517,2026-09-29T13:00:00+00:00,W10=,AS Roma,🇮🇹,Venezia,🇮🇹,Serie A,Regular Season - 6,Stadio Olimpico,Roma,Italie,https://media.api-sports.io/football/teams/497.png,https://media.api-sports.io/football/teams/517.png,,
135_1223646,Scheduled,0,0,895,504,2026-09-29T13:00:00+00:00,W10=,Como,🇮🇹,Hellas Verona,🇮🇹,Serie A,Regular Season - 6,Stadio Giuseppe Sinigaglia,Como,Italie,https://media.api-sports.io/football/teams/895.png,https://media.api-sports.io/football/teams/504.png,,
135_1223647,Scheduled,0,0,511,502,2026-09-29T16:00:00+00:00,W10=,Empoli,🇮🇹,Fiorentina,🇮🇹,Serie A,Regular Season - 6,Stadio Carlo Castellani – Computer Gross Arena,Empoli,Italie,https://media.api-sports.io/football/teams/511.png,https://media.api-sports.io/football/teams/502.png,,
135_1223650,Scheduled,0,0,492,1579,2026-09-29T18:45:00+00:00,W10=,Napoli,🇮🇹,Monza,🇮🇹,Serie A,Regular Season - 6,Stadio Diego Armando Maradona,Napoli,Italie,https://media.api-sports.io/football/teams/492.png,https://media.api-sports.io/football/teams/1579.png,,
135_1223651,Scheduled,0,0,523,490,2026-09-30T18:45:00+00:00,W10=,Parma,🇮🇹,Cagliari,🇮🇹,Serie A,Regular Season - 6,Stadio Ennio Tardini,Parma,Italie,https://media.api-sports.io/football/teams/523.png,https://media.api-sports.io/football/teams/490.png,,
135_1223663,Scheduled,0,0,492,895,2026-10-04T16:30:00+00:00,W10=,Napoli,🇮🇹,Como,🇮🇹,Serie A,Regular Season - 7,Stadio Diego Armando Maradona,Napoli,Italie,https://media.api-sports.io/football/teams/492.png,https://media.api-sports.io/football/teams/895.png,,
135_1223658,Scheduled,0,0,504,517,2026-10-04T18:45:00+00:00,W10=,Hellas Verona,🇮🇹,Venezia,🇮🇹,Serie A,Regular Season - 7,Stadio Marcantonio Bentegodi,Verona,Italie,https://media.api-sports.io/football/teams/504.png,https://media.api-sports.io/football/teams/517.png,,
135_1223664,Scheduled,0,0,494,867,2026-10-05T13:00:00+00:00,W10=,Udinese,🇮🇹,Lecce,🇮🇹,Serie A,Regular Season - 7,Bluenergy Stadium,Udine,Italie,https://media.api-sports.io/football/teams/494.png,https://media.api-sports.io/football/teams/867.png,,
135_1223655,Scheduled,0,0,499,495,2026-10-05T16:00:00+00:00,W10=,Atalanta,🇮🇹,Genoa,🇮🇹,Serie A,Regular Season - 7,Gewiss Stadium,Bergamo,Italie,https://media.api-sports.io/football/teams/499.png,https://media.api-sports.io/football/teams/495.png,,
135_1223659,Scheduled,0,0,505,503,2026-10-05T18:45:00+00:00,W10=,Inter,🔵⚫️,Torino,🇮🇹,Serie A,Regular Season - 7,Stadio Giuseppe Meazza,Milano,Italie,https://media.api-sports.io/football/teams/505.png,https://media.api-sports.io/football/teams/503.png,,
135_1223660,Scheduled,0,0,496,490,2026-10-06T10:30:00+00:00,W10=,Juventus,⚪️⚫️,Cagliari,🇮🇹,Serie A,Regular Season - 7,Allianz Stadium,Torino,Italie,https://media.api-sports.io/football/teams/496.png,https://media.api-sports.io/football/teams/490.png,,
135_1223661,Scheduled,0,0,487,511,2026-10-06T13:00:00+00:00,W10=,Lazio,🇮🇹,Empoli,🇮🇹,Serie A,Regular Season - 7,Stadio Olimpico,Roma,Italie,https://media.api-sports.io/football/teams/487.png,https://media.api-sports.io/football/teams/511.png,,
135_1223656,Scheduled,0,0,500,523,2026-10-06T13:00:00+00:00,W10=,Bologna,🇮🇹,Parma,🇮🇹,Serie A,Regular Season - 7,Stadio Renato Dall'Ara,Bologna,Italie,https://media.api-sports.io/football/teams/500.png,https://media.api-sports.io/football/teams/523.png,,
135_1223662,Scheduled,0,0,1579,497,2026-10-06T16:00:00+00:00,W10=,Monza,🇮🇹,AS Roma,🇮🇹,Serie A,Regular Season - 7,U-Power Stadium,Monza,Italie,https://media.api-sports.io/football/teams/1579.png,https://media.api-sports.io/football/teams/497.png,,
135_1223657,Scheduled,0,0,502,489,2026-10-06T18:45:00+00:00,W10=,Fiorentina,🇮🇹,AC Milan,🔴⚫️,Serie A,Regular Season - 7,Stadio Artemio Franchi,Firenze,Italie,https://media.api-sports.io/football/teams/502.png,https://media.api-sports.io/football/teams/489.png,,
135_1223668,Scheduled,0,0,495,500,2026-10-19T13:00:00+00:00,W10=,Genoa,🇮🇹,Bologna,🇮🇹,Serie A,Regular Season - 8,Stadio Comunale Luigi Ferraris,Genova,Italie,https://media.api-sports.io/football/teams/495.png,https://media.api-sports.io/football/teams/500.png,,
135_1223666,Scheduled,0,0,895,523,2026-10-19T13:00:00+00:00,W10=,Como,🇮🇹,Parma,🇮🇹,Serie A,Regular Season - 8,Stadio Giuseppe Sinigaglia,Como,Italie,https://media.api-sports.io/football/teams/895.png,https://media.api-sports.io/football/teams/523.png,,
135_1223672,Scheduled,0,0,489,494,2026-10-19T16:00:00+00:00,W10=,AC Milan,🔴⚫️,Udinese,🇮🇹,Serie A,Regular Season - 8,Stadio Giuseppe Meazza,Milano,Italie,https://media.api-sports.io/football/teams/489.png,https://media.api-sports.io/football/teams/494.png,,
135_1223670,Scheduled,0,0,496,487,2026-10-19T18:45:00+00:00,W10=,Juventus,⚪️⚫️,Lazio,🇮🇹,Serie A,Regular Season - 8,Allianz Stadium,Torino,Italie,https://media.api-sports.io/football/teams/496.png,https://media.api-sports.io/football/teams/487.png,,
135_1223667,Scheduled,0,0,511,492,2026-10-20T10:30:00+00:00,W10=,Empoli,🇮🇹,Napoli,🇮🇹,Serie A,Regular Season - 8,Stadio Carlo Castellani – Computer Gross Arena,Empoli,Italie,https://media.api-sports.io/football/teams/511.png,https://media.api-sports.io/football/teams/492.png,,
135_1223674,Scheduled,0,0,517,499,2026-10-20T13:00:00+00:00,W10=,Venezia,🇮🇹,Atalanta,🇮🇹,Serie A,Regular Season - 8,Stadio Pier Luigi Penzo,Venezia,Italie,https://media.api-sports.io/football/teams/517.png,https://media.api-sports.io/football/teams/499.png,,
135_1223671,Scheduled,0,0,867,502,2026-10-20T13:00:00+00:00,W10=,Lecce,🇮🇹,Fiorentina,🇮🇹,Serie A,Regular Season - 8,Stadio Ettore Giardiniero - Via del Mare,Lecce,Italie,https://media.api-sports.io/football/teams/867.png,https://media.api-sports.io/football/teams/502.png,,
135_1223665,Scheduled,0,0,490,503,2026-10-20T16:00:00+00:00,W10=,Cagliari,🇮🇹,Torino,🇮🇹,Serie A,Regular Season - 8,Unipol Domus,Cagliari,Italie,https://media.api-sports.io/football/teams/490.png,https://media.api-sports.io/football/teams/503.png,,
135_1223673,Scheduled,0,0,497,505,2026-10-20T18:45:00+00:00,W10=,AS Roma,🇮🇹,Inter,🔵⚫️,Serie A,Regular Season - 8,Stadio Olimpico,Roma,Italie,https://media.api-sports.io/football/teams/497.png,https://media.api-sports.io/football/teams/505.png,,
135_1223669,Scheduled,0,0,504,1579,2026-10-21T18:45:00+00:00,W10=,Hellas Verona,🇮🇹,Monza,🇮🇹,Serie A,Regular Season - 8,Stadio Marcantonio Bentegodi,Verona,Italie,https://media.api-sports.io/football/teams/504.png,https://media.api-sports.io/football/teams/1579.png,,
135_1223684,Scheduled,0,0,494,490,2026-10-25T16:30:00+00:00,W10=,Udinese,🇮🇹,Cagliari,🇮🇹,Serie A,Regular Season - 9,Bluenergy Stadium,Udine,Italie,https://media.api-sports.io/football/teams/494.png,https://media.api-sports.io/football/teams/490.png,,
135_1223683,Scheduled,0,0,503,895,2026-10-25T18:45:00+00:00,W10=,Torino,🇮🇹,Como,🇮🇹,Serie A,Regular Season - 9,Stadio Olimpico Grande Torino,Torino,Italie,https://media.api-sports.io/football/teams/503.png,https://media.api-sports.io/football/teams/895.png,,
135_1223681,Scheduled,0,0,492,867,2026-10-26T13:00:00+00:00,W10=,Napoli,🇮🇹,Lecce,🇮🇹,Serie A,Regular Season - 9,Stadio Diego Armando Maradona,Napoli,Italie,https://media.api-sports.io/football/teams/492.png,https://media.api-sports.io/football/teams/867.png,,
135_1223675,Scheduled,0,0,499,504,2026-10-26T18:45:00+00:00,W10=,Atalanta,🇮🇹,Hellas Verona,🇮🇹,Serie A,Regular Season - 9,Gewiss Stadium,Bergamo,Italie,https://media.api-sports.io/football/teams/499.png,https://media.api-sports.io/football/teams/504.png,,
135_1223682,Scheduled,0,0,523,511,2026-10-27T10:30:00+00:00,W10=,Parma,🇮🇹,Empoli,🇮🇹,Serie A,Regular Season - 9,Stadio Ennio Tardini,Parma,Italie,https://media.api-sports.io/football/teams/523.png,https://media.api-sports.io/football/teams/511.png,,
135_1223679,Scheduled,0,0,487,495,2026-10-27T13:00:00+00:00,W10=,Lazio,🇮🇹,Genoa,🇮🇹,Serie A,Regular Season - 9,Stadio Olimpico,Roma,Italie,https://media.api-sports.io/football/teams/487.png,https://media.api-sports.io/football/teams/495.png,,
135_1223680,Scheduled,0,0,1579,517,2026-10-27T13:00:00+00:00,W10=,Monza,🇮🇹,Venezia,🇮🇹,Serie A,Regular Season - 9,U-Power Stadium,Monza,Italie,https://media.api-sports.io/football/teams/1579.png,https://media.api-sports.io/football/teams/517.png,,
135_1223678,Scheduled,0,0,505,496,2026-10-27T16:00:00+00:00,W10=,Inter,🔵⚫️,Juventus,⚪️⚫️,Serie A,Regular Season - 9,Stadio Giuseppe Meazza,Milano,Italie,https://media.api-sports.io/football/teams/505.png,https://media.api-sports.io/football/teams/496.png,,
135_1223677,Scheduled,0,0,502,497,2026-10-27T19:45:00+00:00,W10=,Fiorentina,🇮🇹,AS Roma,🇮🇹,Serie A,Regular Season - 9,Stadio Artemio Franchi,Firenze,Italie,https://media.api-sports.io/football/teams/502.png,https://media.api-sports.io/football/teams/497.png,,
135_1223686,Scheduled,0,0,490,500,2026-10-29T17:30:00+00:00,W10=,Cagliari,🇮🇹,Bologna,🇮🇹,Serie A,Regular Season - 10,Unipol Domus,Cagliari,Italie,https://media.api-sports.io/football/teams/490.png,https://media.api-sports.io/football/teams/500.png,,
135_1223691,Scheduled,0,0,867,504,2026-10-29T17:30:00+00:00,W10=,Lecce,🇮🇹,Hellas Verona,🇮🇹,Serie A,Regular Season - 10,Stadio Ettore Giardiniero - Via del Mare,Lecce,Italie,https://media.api-sports.io/football/teams/867.png,https://media.api-sports.io/football/teams/504.png,,
135_1223692,Scheduled,0,0,489,492,2026-10-29T19:45:00+00:00,W10=,AC Milan,🔴⚫️,Napoli,🇮🇹,Serie A,Regular Season - 10,Stadio Giuseppe Meazza,Milano,Italie,https://media.api-sports.io/football/teams/489.png,https://media.api-sports.io/football/teams/492.png,,
135_1223688,Scheduled,0,0,511,505,2026-10-30T17:30:00+00:00,W10=,Empoli,🇮🇹,Inter,🔵⚫️,Serie A,Regular Season - 10,Stadio Carlo Castellani – Computer Gross Arena,Empoli,Italie,https://media.api-sports.io/football/teams/511.png,https://media.api-sports.io/football/teams/505.png,,
135_1223694,Scheduled,0,0,517,494,2026-10-30T17:30:00+00:00,W10=,Venezia,🇮🇹,Udinese,🇮🇹,Serie A,Regular Season - 10,Stadio Pier Luigi Penzo,Venezia,Italie,https://media.api-sports.io/football/teams/517.png,https://media.api-sports.io/football/teams/494.png,,
135_1223690,Scheduled,0,0,496,523,2026-10-30T19:45:00+00:00,W10=,Juventus,⚪️⚫️,Parma,🇮🇹,Serie A,Regular Season - 10,Allianz Stadium,Torino,Italie,https://media.api-sports.io/football/teams/496.png,https://media.api-sports.io/football/teams/523.png,,
135_1223685,Scheduled,0,0,499,1579,2026-10-30T19:45:00+00:00,W10=,Atalanta,🇮🇹,Monza,🇮🇹,Serie A,Regular Season - 10,Gewiss Stadium,Bergamo,Italie,https://media.api-sports.io/football/teams/499.png,https://media.api-sports.io/football/teams/1579.png,,
135_1223689,Scheduled,0,0,495,502,2026-10-31T17:30:00+00:00,W10=,Genoa,🇮🇹,Fiorentina,🇮🇹,Serie A,Regular Season - 10,Stadio Comunale Luigi Ferraris,Genova,Italie,https://media.api-sports.io/football/teams/495.png,https://media.api-sports.io/football/teams/502.png,,
135_1223693,Scheduled,0,0,497,503,2026-10-31T19:45:00+00:00,W10=,AS Roma,🇮🇹,Torino,🇮🇹,Serie A,Regular Season - 10,Stadio Olimpico,Roma,Italie,https://media.api-sports.io/football/teams/497.png,https://media.api-sports.io/football/teams/503.png,,
135_1223687,Scheduled,0,0,895,487,2026-10-31T19:45:00+00:00,W10=,Como,🇮🇹,Lazio,🇮🇹,Serie A,Regular Season - 10,Stadio Giuseppe Sinigaglia,Como,Italie,https://media.api-sports.io/football/teams/895.png,https://media.api-sports.io/football/teams/487.png,,
135_1223695,Scheduled,0,0,500,867,2026-11-02T14:00:00+00:00,W10=,Bologna,🇮🇹,Lecce,🇮🇹,Serie A,Regular Season - 11,Stadio Renato Dall'Ara,Bologna,Italie,https://media.api-sports.io/football/teams/500.png,https://media.api-sports.io/football/teams/867.png,,
135_1223704,Scheduled,0,0,494,496,2026-11-02T17:00:00+00:00,W10=,Udinese,🇮🇹,Juventus,⚪️⚫️,Serie A,Regular Season - 11,Bluenergy Stadium,Udine,Italie,https://media.api-sports.io/football/teams/494.png,https://media.api-sports.io/football/teams/496.png,,
135_1223700,Scheduled,0,0,1579,489,2026-11-02T19:45:00+00:00,W10=,Monza,🇮🇹,AC Milan,🔴⚫️,Serie A,Regular Season - 11,U-Power Stadium,Monza,Italie,https://media.api-sports.io/football/teams/1579.png,https://media.api-sports.io/football/teams/489.png,,
135_1223701,Scheduled,0,0,492,499,2026-11-03T11:30:00+00:00,W10=,Napoli,🇮🇹,Atalanta,🇮🇹,Serie A,Regular Season - 11,Stadio Diego Armando Maradona,Napoli,Italie,https://media.api-sports.io/football/teams/492.png,https://media.api-sports.io/football/teams/499.png,,
135_1223703,Scheduled,0,0,503,502,2026-11-03T14:00:00+00:00,W10=,Torino,🇮🇹,Fiorentina,🇮🇹,Serie A,Regular Season - 11,Stadio Olimpico Grande Torino,Torino,Italie,https://media.api-sports.io/football/teams/503.png,https://media.api-sports.io/football/teams/502.png,,
135_1223697,Scheduled,0,0,504,497,2026-11-03T17:00:00+00:00,W10=,Hellas Verona,🇮🇹,AS Roma,🇮🇹,Serie A,Regular Season - 11,Stadio Marcantonio Bentegodi,Verona,Italie,https://media.api-sports.io/football/teams/504.png,https://media.api-sports.io/football/teams/497.png,,
135_1223698,Scheduled,0,0,505,517,2026-11-03T19:45:00+00:00,W10=,Inter,🔵⚫️,Venezia,🇮🇹,Serie A,Regular Season - 11,Stadio Giuseppe Meazza,Milano,Italie,https://media.api-sports.io/football/teams/505.png,https://media.api-sports.io/football/teams/517.png,,
135_1223696,Scheduled,0,0,511,895,2026-11-04T17:30:00+00:00,W10=,Empoli,🇮🇹,Como,🇮🇹,Serie A,Regular Season - 11,Stadio Carlo Castellani – Computer Gross Arena,Empoli,Italie,https://media.api-sports.io/football/teams/511.png,https://media.api-sports.io/football/teams/895.png,,
135_1223702,Scheduled,0,0,523,495,2026-11-04T17:30:00+00:00,W10=,Parma,🇮🇹,Genoa,🇮🇹,Serie A,Regular Season - 11,Stadio Ennio Tardini,Parma,Italie,https://media.api-sports.io/football/teams/523.png,https://media.api-sports.io/football/teams/495.png,,
135_1223699,Scheduled,0,0,487,490,2026-11-04T19:45:00+00:00,W10=,Lazio,🇮🇹,Cagliari,🇮🇹,Serie A,Regular Season - 11,Stadio Olimpico,Roma,Italie,https://media.api-sports.io/football/teams/487.png,https://media.api-sports.io/football/teams/490.png,,
135_1223708,Scheduled,0,0,495,895,2026-11-07T19:45:00+00:00,W10=,Genoa,🇮🇹,Como,🇮🇹,Serie A,Regular Season - 12,Stadio Comunale Luigi Ferraris,Genova,Italie,https://media.api-sports.io/football/teams/495.png,https://media.api-sports.io/football/teams/895.png,,
135_1223711,Scheduled,0,0,867,511,2026-11-08T19:45:00+00:00,W10=,Lecce,🇮🇹,Empoli,🇮🇹,Serie A,Regular Season - 12,Stadio Ettore Giardiniero - Via del Mare,Lecce,Italie,https://media.api-sports.io/football/teams/867.png,https://media.api-sports.io/football/teams/511.png,,
135_1223714,Scheduled,0,0,517,523,2026-11-09T14:00:00+00:00,W10=,Venezia,🇮🇹,Parma,🇮🇹,Serie A,Regular Season - 12,Stadio Pier Luigi Penzo,Venezia,Italie,https://media.api-sports.io/football/teams/517.png,https://media.api-sports.io/football/teams/523.png,,
135_1223706,Scheduled,0,0,490,489,2026-11-09T17:00:00+00:00,W10=,Cagliari,🇮🇹,AC Milan,🔴⚫️,Serie A,Regular Season - 12,Unipol Domus,Cagliari,Italie,https://media.api-sports.io/football/teams/490.png,https://media.api-sports.io/football/teams/489.png,,
135_1223710,Scheduled,0,0,496,503,2026-11-09T19:45:00+00:00,W10=,Juventus,⚪️⚫️,Torino,🇮🇹,Serie A,Regular Season - 12,Allianz Stadium,Torino,Italie,https://media.api-sports.io/football/teams/496.png,https://media.api-sports.io/football/teams/503.png,,
135_1223705,Scheduled,0,0,499,494,2026-11-10T11:30:00+00:00,W10=,Atalanta,🇮🇹,Udinese,🇮🇹,Serie A,Regular Season - 12,Gewiss Stadium,Bergamo,Italie,https://media.api-sports.io/football/teams/499.png,https://media.api-sports.io/football/teams/494.png,,
135_1223713,Scheduled,0,0,497,500,2026-11-10T14:00:00+00:00,W10=,AS Roma,🇮🇹,Bologna,🇮🇹,Serie A,Regular Season - 12,Stadio Olimpico,Roma,Italie,https://media.api-sports.io/football/teams/497.png,https://media.api-sports.io/football/teams/500.png,,
135_1223707,Scheduled,0,0,502,504,2026-11-10T14:00:00+00:00,W10=,Fiorentina,🇮🇹,Hellas Verona,🇮🇹,Serie A,Regular Season - 12,Stadio Artemio Franchi,Firenze,Italie,https://media.api-sports.io/football/teams/502.png,https://media.api-sports.io/football/teams/504.png,,
135_1223712,Scheduled,0,0,1579,487,2026-11-10T17:00:00+00:00,W10=,Monza,🇮🇹,Lazio,🇮🇹,Serie A,Regular Season - 12,U-Power Stadium,Monza,Italie,https://media.api-sports.io/football/teams/1579.png,https://media.api-sports.io/football/teams/487.png,,
135_1223709,Scheduled,0,0,505,492,2026-11-10T19:45:00+00:00,W10=,Inter,🔵⚫️,Napoli,🇮🇹,Serie A,Regular Season - 12,Stadio Giuseppe Meazza,Milano,Italie,https://media.api-sports.io/football/teams/505.png,https://media.api-sports.io/football/teams/492.png,,
135_1223718,Scheduled,0,0,504,505,2026-11-23T14:00:00+00:00,W10=,Hellas Verona,🇮🇹,Inter,🔵⚫️,Serie A,Regular Season - 13,Stadio Marcantonio Bentegodi,Verona,Italie,https://media.api-sports.io/football/teams/504.png,https://media.api-sports.io/football/teams/505.png,,
135_1223720,Scheduled,0,0,489,496,2026-11-23T17:00:00+00:00,W10=,AC Milan,🔴⚫️,Juventus,⚪️⚫️,Serie A,Regular Season - 13,Stadio Giuseppe Meazza,Milano,Italie,https://media.api-sports.io/football/teams/489.png,https://media.api-sports.io/football/teams/496.png,,
135_1223722,Scheduled,0,0,523,499,2026-11-23T19:45:00+00:00,W10=,Parma,🇮🇹,Atalanta,🇮🇹,Serie A,Regular Season - 13,Stadio Ennio Tardini,Parma,Italie,https://media.api-sports.io/football/teams/523.png,https://media.api-sports.io/football/teams/499.png,,
135_1223717,Scheduled,0,0,495,490,2026-11-24T11:30:00+00:00,W10=,Genoa,🇮🇹,Cagliari,🇮🇹,Serie A,Regular Season - 13,Stadio Comunale Luigi Ferraris,Genova,Italie,https://media.api-sports.io/football/teams/495.png,https://media.api-sports.io/football/teams/490.png,,
135_1223723,Scheduled,0,0,503,1579,2026-11-24T14:00:00+00:00,W10=,Torino,🇮🇹,Monza,🇮🇹,Serie A,Regular Season - 13,Stadio Olimpico Grande Torino,Torino,Italie,https://media.api-sports.io/football/teams/503.png,https://media.api-sports.io/football/teams/1579.png,,
135_1223715,Scheduled,0,0,895,502,2026-11-24T14:00:00+00:00,W10=,Como,🇮🇹,Fiorentina,🇮🇹,Serie A,Regular Season - 13,Stadio Giuseppe Sinigaglia,Como,Italie,https://media.api-sports.io/football/teams/895.png,https://media.api-sports.io/football/teams/502.png,,
135_1223721,Scheduled,0,0,492,497,2026-11-24T17:00:00+00:00,W10=,Napoli,🇮🇹,AS Roma,🇮🇹,Serie A,Regular Season - 13,Stadio Diego Armando Maradona,Napoli,Italie,https://media.api-sports.io/football/teams/492.png,https://media.api-sports.io/football/teams/497.png,,
135_1223719,Scheduled,0,0,487,500,2026-11-24T19:45:00+00:00,W10=,Lazio,🇮🇹,Bologna,🇮🇹,Serie A,Regular Season - 13,Stadio Olimpico,Roma,Italie,https://media.api-sports.io/football/teams/487.png,https://media.api-sports.io/football/teams/500.png,,
135_1223716,Scheduled,0,0,511,494,2026-11-25T17:30:00+00:00,W10=,Empoli,🇮🇹,Udinese,🇮🇹,Serie A,Regular Season - 13,Stadio Carlo Castellani – Computer Gross Arena,Empoli,Italie,https://media.api-sports.io/football/teams/511.png,https://media.api-sports.io/football/teams/494.png,,
135_1223724,Scheduled,0,0,517,867,2026-11-25T19:45:00+00:00,W10=,Venezia,🇮🇹,Lecce,🇮🇹,Serie A,Regular Season - 13,Stadio Pier Luigi Penzo,Venezia,Italie,https://media.api-sports.io/football/teams/517.png,https://media.api-sports.io/football/teams/867.png,,
135_1223726,Scheduled,0,0,490,504,2026-11-29T19:45:00+00:00,W10=,Cagliari,🇮🇹,Hellas Verona,🇮🇹,Serie A,Regular Season - 14,Unipol Domus,Cagliari,Italie,https://media.api-sports.io/football/teams/490.png,https://media.api-sports.io/football/teams/504.png,,
135_1223727,Scheduled,0,0,895,1579,2026-11-30T14:00:00+00:00,W10=,Como,🇮🇹,Monza,🇮🇹,Serie A,Regular Season - 14,Stadio Giuseppe Sinigaglia,Como,Italie,https://media.api-sports.io/football/teams/895.png,https://media.api-sports.io/football/teams/1579.png,,
135_1223730,Scheduled,0,0,489,511,2026-11-30T17:00:00+00:00,W10=,AC Milan,🔴⚫️,Empoli,🇮🇹,Serie A,Regular Season - 14,Stadio Giuseppe Meazza,Milano,Italie,https://media.api-sports.io/football/teams/489.png,https://media.api-sports.io/football/teams/511.png,,
135_1223725,Scheduled,0,0,500,517,2026-11-30T19:45:00+00:00,W10=,Bologna,🇮🇹,Venezia,🇮🇹,Serie A,Regular Season - 14,Stadio Renato Dall'Ara,Bologna,Italie,https://media.api-sports.io/football/teams/500.png,https://media.api-sports.io/football/teams/517.png,,
135_1223734,Scheduled,0,0,494,495,2026-12-01T11:30:00+00:00,W10=,Udinese,🇮🇹,Genoa,🇮🇹,Serie A,Regular Season - 14,Bluenergy Stadium,Udine,Italie,https://media.api-sports.io/football/teams/494.png,https://media.api-sports.io/football/teams/495.png,,
135_1223733,Scheduled,0,0,503,492,2026-12-01T14:00:00+00:00,W10=,Torino,🇮🇹,Napoli,🇮🇹,Serie A,Regular Season - 14,Stadio Olimpico Grande Torino,Torino,Italie,https://media.api-sports.io/football/teams/503.png,https://media.api-sports.io/football/teams/492.png,,
135_1223731,Scheduled,0,0,523,487,2026-12-01T14:00:00+00:00,W10=,Parma,🇮🇹,Lazio,🇮🇹,Serie A,Regular Season - 14,Stadio Ennio Tardini,Parma,Italie,https://media.api-sports.io/football/teams/523.png,https://media.api-sports.io/football/teams/487.png,,
135_1223729,Scheduled,0,0,867,496,2026-12-01T19:45:00+00:00,W10=,Lecce,🇮🇹,Juventus,⚪️⚫️,Serie A,Regular Season - 14,Stadio Ettore Giardiniero - Via del Mare,Lecce,Italie,https://media.api-sports.io/football/teams/867.png,https://media.api-sports.io/football/teams/496.png,,
135_1223732,Scheduled,0,0,497,499,2026-12-02T19:45:00+00:00,W10=,AS Roma,🇮🇹,Atalanta,🇮🇹,Serie A,Regular Season - 14,Stadio Olimpico,Roma,Italie,https://media.api-sports.io/football/teams/497.png,https://media.api-sports.io/football/teams/499.png,,
135_1223739,Scheduled,0,0,505,523,2026-12-06T17:30:00+00:00,W10=,Inter,🔵⚫️,Parma,🇮🇹,Serie A,Regular Season - 15,Stadio Giuseppe Meazza,Milano,Italie,https://media.api-sports.io/football/teams/505.png,https://media.api-sports.io/football/teams/523.png,,
135_1223735,Scheduled,0,0,499,489,2026-12-06T19:45:00+00:00,W10=,Atalanta,🇮🇹,AC Milan,🔴⚫️,Serie A,Regular Season - 15,Gewiss Stadium,Bergamo,Italie,https://media.api-sports.io/football/teams/499.png,https://media.api-sports.io/football/teams/489.png,,
135_1223737,Scheduled,0,0,495,503,2026-12-07T14:00:00+00:00,W10=,Genoa,🇮🇹,Torino,🇮🇹,Serie A,Regular Season - 15,Stadio Comunale Luigi Ferraris,Genova,Italie,https://media.api-sports.io/football/teams/495.png,https://media.api-sports.io/football/teams/503.png,,
135_1223740,Scheduled,0,0,496,500,2026-12-07T17:00:00+00:00,W10=,Juventus,⚪️⚫️,Bologna,🇮🇹,Serie A,Regular Season - 15,Allianz Stadium,Torino,Italie,https://media.api-sports.io/football/teams/496.png,https://media.api-sports.io/football/teams/500.png,,
135_1223743,Scheduled,0,0,497,867,2026-12-07T19:45:00+00:00,W10=,AS Roma,🇮🇹,Lecce,🇮🇹,Serie A,Regular Season - 15,Stadio Olimpico,Roma,Italie,https://media.api-sports.io/football/teams/497.png,https://media.api-sports.io/football/teams/867.png,,
135_1223736,Scheduled,0,0,502,490,2026-12-08T11:30:00+00:00,W10=,Fiorentina,🇮🇹,Cagliari,🇮🇹,Serie A,Regular Season - 15,Stadio Artemio Franchi,Firenze,Italie,https://media.api-sports.io/football/teams/502.png,https://media.api-sports.io/football/teams/490.png,,
135_1223738,Scheduled,0,0,504,511,2026-12-08T14:00:00+00:00,W10=,Hellas Verona,🇮🇹,Empoli,🇮🇹,Serie A,Regular Season - 15,Stadio Marcantonio Bentegodi,Verona,Italie,https://media.api-sports.io/football/teams/504.png,https://media.api-sports.io/football/teams/511.png,,
135_1223744,Scheduled,0,0,517,895,2026-12-08T17:00:00+00:00,W10=,Venezia,🇮🇹,Como,🇮🇹,Serie A,Regular Season - 15,Stadio Pier Luigi Penzo,Venezia,Italie,https://media.api-sports.io/football/teams/517.png,https://media.api-sports.io/football/teams/895.png,,
135_1223742,Scheduled,0,0,492,487,2026-12-08T19:45:00+00:00,W10=,Napoli,🇮🇹,Lazio,🇮🇹,Serie A,Regular Season - 15,Stadio Diego Armando Maradona,Napoli,Italie,https://media.api-sports.io/football/teams/492.png,https://media.api-sports.io/football/teams/487.png,,
135_1223741,Scheduled,0,0,1579,494,2026-12-09T19:45:00+00:00,W10=,Monza,🇮🇹,Udinese,🇮🇹,Serie A,Regular Season - 15,U-Power Stadium,Monza,Italie,https://media.api-sports.io/football/teams/1579.png,https://media.api-sports.io/football/teams/494.png,,
135_1223748,Scheduled,0,0,511,503,2026-12-13T19:45:00+00:00,W10=,Empoli,🇮🇹,Torino,🇮🇹,Serie A,Regular Season - 16,Stadio Carlo Castellani – Computer Gross Arena,Empoli,Italie,https://media.api-sports.io/football/teams/511.png,https://media.api-sports.io/football/teams/503.png,,
135_1223746,Scheduled,0,0,490,499,2026-12-14T14:00:00+00:00,W10=,Cagliari,🇮🇹,Atalanta,🇮🇹,Serie A,Regular Season - 16,Unipol Domus,Cagliari,Italie,https://media.api-sports.io/football/teams/490.png,https://media.api-sports.io/football/teams/499.png,,
135_1223754,Scheduled,0,0,494,492,2026-12-14T17:00:00+00:00,W10=,Udinese,🇮🇹,Napoli,🇮🇹,Serie A,Regular Season - 16,Bluenergy Stadium,Udine,Italie,https://media.api-sports.io/football/teams/494.png,https://media.api-sports.io/football/teams/492.png,,
135_1223749,Scheduled,0,0,496,517,2026-12-14T19:45:00+00:00,W10=,Juventus,⚪️⚫️,Venezia,🇮🇹,Serie A,Regular Season - 16,Allianz Stadium,Torino,Italie,https://media.api-sports.io/football/teams/496.png,https://media.api-sports.io/football/teams/517.png,,
135_1223751,Scheduled,0,0,867,1579,2026-12-15T11:30:00+00:00,W10=,Lecce,🇮🇹,Monza,🇮🇹,Serie A,Regular Season - 16,Stadio Ettore Giardiniero - Via del Mare,Lecce,Italie,https://media.api-sports.io/football/teams/867.png,https://media.api-sports.io/football/teams/1579.png,,
135_1223745,Scheduled,0,0,500,502,2026-12-15T14:00:00+00:00,W10=,Bologna,🇮🇹,Fiorentina,🇮🇹,Serie A,Regular Season - 16,Stadio Renato Dall'Ara,Bologna,Italie,https://media.api-sports.io/football/teams/500.png,https://media.api-sports.io/football/teams/502.png,,
135_1223753,Scheduled,0,0,523,504,2026-12-15T14:00:00+00:00,W10=,Parma,🇮🇹,Hellas Verona,🇮🇹,Serie A,Regular Season - 16,Stadio Ennio Tardini,Parma,Italie,https://media.api-sports.io/football/teams/523.png,https://media.api-sports.io/football/teams/504.png,,
135_1223747,Scheduled,0,0,895,497,2026-12-15T17:00:00+00:00,W10=,Como,🇮🇹,AS Roma,🇮🇹,Serie A,Regular Season - 16,Stadio Giuseppe Sinigaglia,Como,Italie,https://media.api-sports.io/football/teams/895.png,https://media.api-sports.io/football/teams/497.png,,
135_1223752,Scheduled,0,0,489,495,2026-12-15T19:45:00+00:00,W10=,AC Milan,🔴⚫️,Genoa,🇮🇹,Serie A,Regular Season - 16,Stadio Giuseppe Meazza,Milano,Italie,https://media.api-sports.io/football/teams/489.png,https://media.api-sports.io/football/teams/495.png,,
135_1223750,Scheduled,0,0,487,505,2026-12-16T19:45:00+00:00,W10=,Lazio,🇮🇹,Inter,🔵⚫️,Serie A,Regular Season - 16,Stadio Olimpico,Roma,Italie,https://media.api-sports.io/football/teams/487.png,https://media.api-sports.io/football/teams/505.png,,
135_1223758,Scheduled,0,0,504,489,2026-12-20T19:45:00+00:00,W10=,Hellas Verona,🇮🇹,AC Milan,🔴⚫️,Serie A,Regular Season - 17,Stadio Marcantonio Bentegodi,Verona,Italie,https://media.api-sports.io/football/teams/504.png,https://media.api-sports.io/football/teams/489.png,,
135_1223763,Scheduled,0,0,503,500,2026-12-21T14:00:00+00:00,W10=,Torino,🇮🇹,Bologna,🇮🇹,Serie A,Regular Season - 17,Stadio Olimpico Grande Torino,Torino,Italie,https://media.api-sports.io/football/teams/503.png,https://media.api-sports.io/football/teams/500.png,,
135_1223757,Scheduled,0,0,495,492,2026-12-21T17:00:00+00:00,W10=,Genoa,🇮🇹,Napoli,🇮🇹,Serie A,Regular Season - 17,Stadio Comunale Luigi Ferraris,Genova,Italie,https://media.api-sports.io/football/teams/495.png,https://media.api-sports.io/football/teams/492.png,,
135_1223760,Scheduled,0,0,867,487,2026-12-21T19:45:00+00:00,W10=,Lecce,🇮🇹,Lazio,🇮🇹,Serie A,Regular Season - 17,Stadio Ettore Giardiniero - Via del Mare,Lecce,Italie,https://media.api-sports.io/football/teams/867.png,https://media.api-sports.io/football/teams/487.png,,
135_1223762,Scheduled,0,0,497,523,2026-12-22T11:30:00+00:00,W10=,AS Roma,🇮🇹,Parma,🇮🇹,Serie A,Regular Season - 17,Stadio Olimpico,Roma,Italie,https://media.api-sports.io/football/teams/497.png,https://media.api-sports.io/football/teams/523.png,,
135_1223764,Scheduled,0,0,517,490,2026-12-22T14:00:00+00:00,W10=,Venezia,🇮🇹,Cagliari,🇮🇹,Serie A,Regular Season - 17,Stadio Pier Luigi Penzo,Venezia,Italie,https://media.api-sports.io/football/teams/517.png,https://media.api-sports.io/football/teams/490.png,,
135_1223755,Scheduled,0,0,499,511,2026-12-22T17:00:00+00:00,W10=,Atalanta,🇮🇹,Empoli,🇮🇹,Serie A,Regular Season - 17,Gewiss Stadium,Bergamo,Italie,https://media.api-sports.io/football/teams/499.png,https://media.api-sports.io/football/teams/511.png,,
135_1223761,Scheduled,0,0,1579,496,2026-12-22T19:45:00+00:00,W10=,Monza,🇮🇹,Juventus,⚪️⚫️,Serie A,Regular Season - 17,U-Power Stadium,Monza,Italie,https://media.api-sports.io/football/teams/1579.png,https://media.api-sports.io/football/teams/496.png,,
135_1223756,Scheduled,0,0,502,494,2026-12-23T17:30:00+00:00,W10=,Fiorentina,🇮🇹,Udinese,🇮🇹,Serie A,Regular Season - 17,Stadio Artemio Franchi,Firenze,Italie,https://media.api-sports.io/football/teams/502.png,https://media.api-sports.io/football/teams/494.png,,
135_1223759,Scheduled,0,0,505,895,2026-12-23T19:45:00+00:00,W10=,Inter,🔵⚫️,Como,🇮🇹,Serie A,Regular Season - 17,Stadio Giuseppe Meazza,Milano,Italie,https://media.api-sports.io/football/teams/505.png,https://media.api-sports.io/football/teams/895.png,,
135_1223768,Scheduled,0,0,511,495,2026-12-28T14:00:00+00:00,W10=,Empoli,🇮🇹,Genoa,🇮🇹,Serie A,Regular Season - 18,Stadio Carlo Castellani – Computer Gross Arena,Empoli,Italie,https://media.api-sports.io/football/teams/511.png,https://media.api-sports.io/football/teams/495.png,,
135_1223773,Scheduled,0,0,523,1579,2026-12-28T14:00:00+00:00,W10=,Parma,🇮🇹,Monza,🇮🇹,Serie A,Regular Season - 18,Stadio Ennio Tardini,Parma,Italie,https://media.api-sports.io/football/teams/523.png,https://media.api-sports.io/football/teams/1579.png,,
135_1223766,Scheduled,0,0,490,505,2026-12-28T17:00:00+00:00,W10=,Cagliari,🇮🇹,Inter,🔵⚫️,Serie A,Regular Season - 18,Unipol Domus,Cagliari,Italie,https://media.api-sports.io/football/teams/490.png,https://media.api-sports.io/football/teams/505.png,,
135_1223770,Scheduled,0,0,487,499,2026-12-28T19:45:00+00:00,W10=,Lazio,🇮🇹,Atalanta,🇮🇹,Serie A,Regular Season - 18,Stadio Olimpico,Roma,Italie,https://media.api-sports.io/football/teams/487.png,https://media.api-sports.io/football/teams/499.png,,
135_1223774,Scheduled,0,0,494,503,2026-12-29T11:30:00+00:00,W10=,Udinese,🇮🇹,Torino,🇮🇹,Serie A,Regular Season - 18,Bluenergy Stadium,Udine,Italie,https://media.api-sports.io/football/teams/494.png,https://media.api-sports.io/football/teams/503.png,,
135_1223772,Scheduled,0,0,492,517,2026-12-29T14:00:00+00:00,W10=,Napoli,🇮🇹,Venezia,🇮🇹,Serie A,Regular Season - 18,Stadio Diego Armando Maradona,Napoli,Italie,https://media.api-sports.io/football/teams/492.png,https://media.api-sports.io/football/teams/517.png,,
135_1223769,Scheduled,0,0,496,502,2026-12-29T17:00:00+00:00,W10=,Juventus,⚪️⚫️,Fiorentina,🇮🇹,Serie A,Regular Season - 18,Allianz Stadium,Torino,Italie,https://media.api-sports.io/football/teams/496.png,https://media.api-sports.io/football/teams/502.png,,
135_1223771,Scheduled,0,0,489,497,2026-12-29T19:45:00+00:00,W10=,AC Milan,🔴⚫️,AS Roma,🇮🇹,Serie A,Regular Season - 18,Stadio Giuseppe Meazza,Milano,Italie,https://media.api-sports.io/football/teams/489.png,https://media.api-sports.io/football/teams/497.png,,
135_1223767,Scheduled,0,0,895,867,2026-12-30T17:30:00+00:00,W10=,Como,🇮🇹,Lecce,🇮🇹,Serie A,Regular Season - 18,Stadio Giuseppe Sinigaglia,Como,Italie,https://media.api-sports.io/football/teams/895.png,https://media.api-sports.io/football/teams/867.png,,
135_1223765,Scheduled,0,0,500,504,2026-12-30T19:45:00+00:00,W10=,Bologna,🇮🇹,Hellas Verona,🇮🇹,Serie A,Regular Season - 18,Stadio Renato Dall'Ara,Bologna,Italie,https://media.api-sports.io/football/teams/500.png,https://media.api-sports.io/football/teams/504.png,,
135_1223784,Scheduled,0,0,517,511,2027-01-04T14:00:00+00:00,W10=,Venezia,🇮🇹,Empoli,🇮🇹,Serie A,Regular Season - 19,Stadio Pier Luigi Penzo,Venezia,Italie,https://media.api-sports.io/football/teams/517.png,https://media.api-sports.io/football/teams/511.png,,
135_1223777,Scheduled,0,0,502,492,2027-01-04T17:00:00+00:00,W10=,Fiorentina,🇮🇹,Napoli,🇮🇹,Serie A,Regular Season - 19,Stadio Artemio Franchi,Firenze,Italie,https://media.api-sports.io/football/teams/502.png,https://media.api-sports.io/football/teams/492.png,,
135_1223778,Scheduled,0,0,504,494,2027-01-04T19:45:00+00:00,W10=,Hellas Verona,🇮🇹,Udinese,🇮🇹,Serie A,Regular Season - 19,Stadio Marcantonio Bentegodi,Verona,Italie,https://media.api-sports.io/football/teams/504.png,https://media.api-sports.io/football/teams/494.png,,
135_1223781,Scheduled,0,0,1579,490,2027-01-05T11:30:00+00:00,W10=,Monza,🇮🇹,Cagliari,🇮🇹,Serie A,Regular Season - 19,U-Power Stadium,Monza,Italie,https://media.api-sports.io/football/teams/1579.png,https://media.api-sports.io/football/teams/490.png,,
135_1223780,Scheduled,0,0,867,495,2027-01-05T14:00:00+00:00,W10=,Lecce,🇮🇹,Genoa,🇮🇹,Serie A,Regular Season - 19,Stadio Ettore Giardiniero - Via del Mare,Lecce,Italie,https://media.api-sports.io/football/teams/867.png,https://media.api-sports.io/football/teams/495.png,,
135_1223783,Scheduled,0,0,503,523,2027-01-05T17:00:00+00:00,W10=,Torino,🇮🇹,Parma,🇮🇹,Serie A,Regular Season - 19,Stadio Olimpico Grande Torino,Torino,Italie,https://media.api-sports.io/football/teams/503.png,https://media.api-sports.io/football/teams/523.png,,
135_1223782,Scheduled,0,0,497,487,2027-01-05T19:45:00+00:00,W10=,AS Roma,🇮🇹,Lazio,🇮🇹,Serie A,Regular Season - 19,Stadio Olimpico,Roma,Italie,https://media.api-sports.io/football/teams/497.png,https://media.api-sports.io/football/teams/487.png,,
135_1223788,Scheduled,0,0,487,895,2027-01-10T19:45:00+00:00,W10=,Lazio,🇮🇹,Como,🇮🇹,Serie A,Regular Season - 20,Stadio Olimpico,Roma,Italie,https://media.api-sports.io/football/teams/487.png,https://media.api-sports.io/football/teams/895.png,,
135_1223793,Scheduled,0,0,494,499,2027-01-11T14:00:00+00:00,W10=,Udinese,🇮🇹,Atalanta,🇮🇹,Serie A,Regular Season - 20,Bluenergy Stadium,Udine,Italie,https://media.api-sports.io/football/teams/494.png,https://media.api-sports.io/football/teams/499.png,,
135_1223786,Scheduled,0,0,511,867,2027-01-11T14:00:00+00:00,W10=,Empoli,🇮🇹,Lecce,🇮🇹,Serie A,Regular Season - 20,Stadio Carlo Castellani – Computer Gross Arena,Empoli,Italie,https://media.api-sports.io/football/teams/511.png,https://media.api-sports.io/football/teams/867.png,,
135_1223792,Scheduled,0,0,503,496,2027-01-11T17:00:00+00:00,W10=,Torino,🇮🇹,Juventus,⚪️⚫️,Serie A,Regular Season - 20,Stadio Olimpico Grande Torino,Torino,Italie,https://media.api-sports.io/football/teams/503.png,https://media.api-sports.io/football/teams/496.png,,
135_1223789,Scheduled,0,0,489,490,2027-01-11T19:45:00+00:00,W10=,AC Milan,🔴⚫️,Cagliari,🇮🇹,Serie A,Regular Season - 20,Stadio Giuseppe Meazza,Milano,Italie,https://media.api-sports.io/football/teams/489.png,https://media.api-sports.io/football/teams/490.png,,
135_1223787,Scheduled,0,0,495,523,2027-01-12T11:30:00+00:00,W10=,Genoa,🇮🇹,Parma,🇮🇹,Serie A,Regular Season - 20,Stadio Comunale Luigi Ferraris,Genova,Italie,https://media.api-sports.io/football/teams/495.png,https://media.api-sports.io/football/teams/523.png,,
135_1223794,Scheduled,0,0,517,505,2027-01-12T14:00:00+00:00,W10=,Venezia,🇮🇹,Inter,🔵⚫️,Serie A,Regular Season - 20,Stadio Pier Luigi Penzo,Venezia,Italie,https://media.api-sports.io/football/teams/517.png,https://media.api-sports.io/football/teams/505.png,,
135_1223785,Scheduled,0,0,500,497,2027-01-12T17:00:00+00:00,W10=,Bologna,🇮🇹,AS Roma,🇮🇹,Serie A,Regular Season - 20,Stadio Renato Dall'Ara,Bologna,Italie,https://media.api-sports.io/football/teams/500.png,https://media.api-sports.io/football/teams/497.png,,
135_1223791,Scheduled,0,0,492,504,2027-01-12T19:45:00+00:00,W10=,Napoli,🇮🇹,Hellas Verona,🇮🇹,Serie A,Regular Season - 20,Stadio Diego Armando Maradona,Napoli,Italie,https://media.api-sports.io/football/teams/492.png,https://media.api-sports.io/football/teams/504.png,,
135_1223790,Scheduled,0,0,1579,502,2027-01-13T19:45:00+00:00,W10=,Monza,🇮🇹,Fiorentina,🇮🇹,Serie A,Regular Season - 20,U-Power Stadium,Monza,Italie,https://media.api-sports.io/football/teams/1579.png,https://media.api-sports.io/football/teams/502.png,,
135_1223776,Scheduled,0,0,895,489,2027-01-14T17:30:00+00:00,W10=,Como,🇮🇹,AC Milan,🔴⚫️,Serie A,Regular Season - 19,Stadio Giuseppe Sinigaglia,Como,Italie,https://media.api-sports.io/football/teams/895.png,https://media.api-sports.io/football/teams/489.png,,
135_1223775,Scheduled,0,0,499,496,2027-01-14T19:45:00+00:00,W10=,Atalanta,🇮🇹,Juventus,⚪️⚫️,Serie A,Regular Season - 19,Gewiss Stadium,Bergamo,Italie,https://media.api-sports.io/football/teams/499.png,https://media.api-sports.io/football/teams/496.png,,
135_1223779,Scheduled,0,0,505,500,2027-01-15T19:45:00+00:00,W10=,Inter,🔵⚫️,Bologna,🇮🇹,Serie A,Regular Season - 19,Stadio Giuseppe Meazza,Milano,Italie,https://media.api-sports.io/football/teams/505.png,https://media.api-sports.io/football/teams/500.png,,
135_1223804,Scheduled,0,0,497,495,2027-01-17T19:45:00+00:00,W10=,AS Roma,🇮🇹,Genoa,🇮🇹,Serie A,Regular Season - 21,Stadio Olimpico,Roma,Italie,https://media.api-sports.io/football/teams/497.png,https://media.api-sports.io/football/teams/495.png,,
135_1223796,Scheduled,0,0,500,1579,2027-01-18T14:00:00+00:00,W10=,Bologna,🇮🇹,Monza,🇮🇹,Serie A,Regular Season - 21,Stadio Renato Dall'Ara,Bologna,Italie,https://media.api-sports.io/football/teams/500.png,https://media.api-sports.io/football/teams/1579.png,,
135_1223802,Scheduled,0,0,496,489,2027-01-18T17:00:00+00:00,W10=,Juventus,⚪️⚫️,AC Milan,🔴⚫️,Serie A,Regular Season - 21,Allianz Stadium,Torino,Italie,https://media.api-sports.io/football/teams/496.png,https://media.api-sports.io/football/teams/489.png,,
135_1223795,Scheduled,0,0,499,492,2027-01-18T19:45:00+00:00,W10=,Atalanta,🇮🇹,Napoli,🇮🇹,Serie A,Regular Season - 21,Gewiss Stadium,Bergamo,Italie,https://media.api-sports.io/football/teams/499.png,https://media.api-sports.io/football/teams/492.png,,
135_1223799,Scheduled,0,0,502,503,2027-01-19T11:30:00+00:00,W10=,Fiorentina,🇮🇹,Torino,🇮🇹,Serie A,Regular Season - 21,Stadio Artemio Franchi,Firenze,Italie,https://media.api-sports.io/football/teams/502.png,https://media.api-sports.io/football/teams/503.png,,
135_1223797,Scheduled,0,0,490,867,2027-01-19T14:00:00+00:00,W10=,Cagliari,🇮🇹,Lecce,🇮🇹,Serie A,Regular Season - 21,Unipol Domus,Cagliari,Italie,https://media.api-sports.io/football/teams/490.png,https://media.api-sports.io/football/teams/867.png,,
135_1223803,Scheduled,0,0,523,517,2027-01-19T14:00:00+00:00,W10=,Parma,🇮🇹,Venezia,🇮🇹,Serie A,Regular Season - 21,Stadio Ennio Tardini,Parma,Italie,https://media.api-sports.io/football/teams/523.png,https://media.api-sports.io/football/teams/517.png,,
135_1223800,Scheduled,0,0,504,487,2027-01-19T17:00:00+00:00,W10=,Hellas Verona,🇮🇹,Lazio,🇮🇹,Serie A,Regular Season - 21,Stadio Marcantonio Bentegodi,Verona,Italie,https://media.api-sports.io/football/teams/504.png,https://media.api-sports.io/football/teams/487.png,,
135_1223801,Scheduled,0,0,505,511,2027-01-19T19:45:00+00:00,W10=,Inter,🔵⚫️,Empoli,🇮🇹,Serie A,Regular Season - 21,Stadio Giuseppe Meazza,Milano,Italie,https://media.api-sports.io/football/teams/505.png,https://media.api-sports.io/football/teams/511.png,,
135_1223798,Scheduled,0,0,895,494,2027-01-20T19:45:00+00:00,W10=,Como,🇮🇹,Udinese,🇮🇹,Serie A,Regular Season - 21,Stadio Giuseppe Sinigaglia,Como,Italie,https://media.api-sports.io/football/teams/895.png,https://media.api-sports.io/football/teams/494.png,,
135_1223812,Scheduled,0,0,503,490,2027-01-24T19:45:00+00:00,W10=,Torino,🇮🇹,Cagliari,🇮🇹,Serie A,Regular Season - 22,Stadio Olimpico Grande Torino,Torino,Italie,https://media.api-sports.io/football/teams/503.png,https://media.api-sports.io/football/teams/490.png,,
135_1223805,Scheduled,0,0,895,499,2027-01-25T14:00:00+00:00,W10=,Como,🇮🇹,Atalanta,🇮🇹,Serie A,Regular Season - 22,Stadio Giuseppe Sinigaglia,Como,Italie,https://media.api-sports.io/football/teams/895.png,https://media.api-sports.io/football/teams/499.png,,
135_1223811,Scheduled,0,0,492,496,2027-01-25T17:00:00+00:00,W10=,Napoli,🇮🇹,Juventus,⚪️⚫️,Serie A,Regular Season - 22,Stadio Diego Armando Maradona,Napoli,Italie,https://media.api-sports.io/football/teams/492.png,https://media.api-sports.io/football/teams/496.png,,
135_1223806,Scheduled,0,0,511,500,2027-01-25T19:45:00+00:00,W10=,Empoli,🇮🇹,Bologna,🇮🇹,Serie A,Regular Season - 22,Stadio Carlo Castellani – Computer Gross Arena,Empoli,Italie,https://media.api-sports.io/football/teams/511.png,https://media.api-sports.io/football/teams/500.png,,
135_1223810,Scheduled,0,0,489,523,2027-01-26T11:30:00+00:00,W10=,AC Milan,🔴⚫️,Parma,🇮🇹,Serie A,Regular Season - 22,Stadio Giuseppe Meazza,Milano,Italie,https://media.api-sports.io/football/teams/489.png,https://media.api-sports.io/football/teams/523.png,,
135_1223813,Scheduled,0,0,494,497,2027-01-26T14:00:00+00:00,W10=,Udinese,🇮🇹,AS Roma,🇮🇹,Serie A,Regular Season - 22,Bluenergy Stadium,Udine,Italie,https://media.api-sports.io/football/teams/494.png,https://media.api-sports.io/football/teams/497.png,,
135_1223809,Scheduled,0,0,867,505,2027-01-26T17:00:00+00:00,W10=,Lecce,🇮🇹,Inter,🔵⚫️,Serie A,Regular Season - 22,Stadio Ettore Giardiniero - Via del Mare,Lecce,Italie,https://media.api-sports.io/football/teams/867.png,https://media.api-sports.io/football/teams/505.png,,
135_1223808,Scheduled,0,0,487,502,2027-01-26T19:45:00+00:00,W10=,Lazio,🇮🇹,Fiorentina,🇮🇹,Serie A,Regular Season - 22,Stadio Olimpico,Roma,Italie,https://media.api-sports.io/football/teams/487.png,https://media.api-sports.io/football/teams/502.png,,
135_1223814,Scheduled,0,0,517,504,2027-01-27T17:30:00+00:00,W10=,Venezia,🇮🇹,Hellas Verona,🇮🇹,Serie A,Regular Season - 22,Stadio Pier Luigi Penzo,Venezia,Italie,https://media.api-sports.io/football/teams/517.png,https://media.api-sports.io/football/teams/504.png,,
135_1223807,Scheduled,0,0,495,1579,2027-01-27T19:45:00+00:00,W10=,Genoa,🇮🇹,Monza,🇮🇹,Serie A,Regular Season - 22,Stadio Comunale Luigi Ferraris,Genova,Italie,https://media.api-sports.io/football/teams/495.png,https://media.api-sports.io/football/teams/1579.png,,
135_1223822,Scheduled,0,0,523,867,2027-01-31T19:45:00+00:00,W10=,Parma,🇮🇹,Lecce,🇮🇹,Serie A,Regular Season - 23,Stadio Ennio Tardini,Parma,Italie,https://media.api-sports.io/football/teams/523.png,https://media.api-sports.io/football/teams/867.png,,
135_1223824,Scheduled,0,0,494,517,2027-02-01T14:00:00+00:00,W10=,Udinese,🇮🇹,Venezia,🇮🇹,Serie A,Regular Season - 23,Bluenergy Stadium,Udine,Italie,https://media.api-sports.io/football/teams/494.png,https://media.api-sports.io/football/teams/517.png,,
135_1223821,Scheduled,0,0,1579,504,2027-02-01T14:00:00+00:00,W10=,Monza,🇮🇹,Hellas Verona,🇮🇹,Serie A,Regular Season - 23,U-Power Stadium,Monza,Italie,https://media.api-sports.io/football/teams/1579.png,https://media.api-sports.io/football/teams/504.png,,
135_1223815,Scheduled,0,0,499,503,2027-02-01T17:00:00+00:00,W10=,Atalanta,🇮🇹,Torino,🇮🇹,Serie A,Regular Season - 23,Gewiss Stadium,Bergamo,Italie,https://media.api-sports.io/football/teams/499.png,https://media.api-sports.io/football/teams/503.png,,
135_1223816,Scheduled,0,0,500,895,2027-02-01T19:45:00+00:00,W10=,Bologna,🇮🇹,Como,🇮🇹,Serie A,Regular Season - 23,Stadio Renato Dall'Ara,Bologna,Italie,https://media.api-sports.io/football/teams/500.png,https://media.api-sports.io/football/teams/895.png,,
135_1223819,Scheduled,0,0,496,511,2027-02-02T11:30:00+00:00,W10=,Juventus,⚪️⚫️,Empoli,🇮🇹,Serie A,Regular Season - 23,Allianz Stadium,Torino,Italie,https://media.api-sports.io/football/teams/496.png,https://media.api-sports.io/football/teams/511.png,,
135_1223818,Scheduled,0,0,502,495,2027-02-02T14:00:00+00:00,W10=,Fiorentina,🇮🇹,Genoa,🇮🇹,Serie A,Regular Season - 23,Stadio Artemio Franchi,Firenze,Italie,https://media.api-sports.io/football/teams/502.png,https://media.api-sports.io/football/teams/495.png,,
135_1223820,Scheduled,0,0,489,505,2027-02-02T17:00:00+00:00,W10=,AC Milan,🔴⚫️,Inter,🔵⚫️,Serie A,Regular Season - 23,Stadio Giuseppe Meazza,Milano,Italie,https://media.api-sports.io/football/teams/489.png,https://media.api-sports.io/football/teams/505.png,,
135_1223823,Scheduled,0,0,497,492,2027-02-02T19:45:00+00:00,W10=,AS Roma,🇮🇹,Napoli,🇮🇹,Serie A,Regular Season - 23,Stadio Olimpico,Roma,Italie,https://media.api-sports.io/football/teams/497.png,https://media.api-sports.io/football/teams/492.png,,
135_1223817,Scheduled,0,0,490,487,2027-02-03T19:45:00+00:00,W10=,Cagliari,🇮🇹,Lazio,🇮🇹,Serie A,Regular Season - 23,Unipol Domus,Cagliari,Italie,https://media.api-sports.io/football/teams/490.png,https://media.api-sports.io/football/teams/487.png,,
135_1223728,Scheduled,0,0,502,505,2027-02-06T19:45:00+00:00,W10=,Fiorentina,🇮🇹,Inter,🔵⚫️,Serie A,Regular Season - 14,Stadio Artemio Franchi,Firenze,Italie,https://media.api-sports.io/football/teams/502.png,https://media.api-sports.io/football/teams/505.png,,
135_1223826,Scheduled,0,0,895,496,2027-02-07T19:45:00+00:00,W10=,Como,🇮🇹,Juventus,⚪️⚫️,Serie A,Regular Season - 24,Stadio Giuseppe Sinigaglia,Como,Italie,https://media.api-sports.io/football/teams/895.png,https://media.api-sports.io/football/teams/496.png,,
135_1223828,Scheduled,0,0,504,499,2027-02-08T14:00:00+00:00,W10=,Hellas Verona,🇮🇹,Atalanta,🇮🇹,Serie A,Regular Season - 24,Stadio Marcantonio Bentegodi,Verona,Italie,https://media.api-sports.io/football/teams/504.png,https://media.api-sports.io/football/teams/499.png,,
135_1223827,Scheduled,0,0,511,489,2027-02-08T17:00:00+00:00,W10=,Empoli,🇮🇹,AC Milan,🔴⚫️,Serie A,Regular Season - 24,Stadio Carlo Castellani – Computer Gross Arena,Empoli,Italie,https://media.api-sports.io/football/teams/511.png,https://media.api-sports.io/football/teams/489.png,,
135_1223833,Scheduled,0,0,503,495,2027-02-08T19:45:00+00:00,W10=,Torino,🇮🇹,Genoa,🇮🇹,Serie A,Regular Season - 24,Stadio Olimpico Grande Torino,Torino,Italie,https://media.api-sports.io/football/teams/503.png,https://media.api-sports.io/football/teams/495.png,,
135_1223834,Scheduled,0,0,517,497,2027-02-09T11:30:00+00:00,W10=,Venezia,🇮🇹,AS Roma,🇮🇹,Serie A,Regular Season - 24,Stadio Pier Luigi Penzo,Venezia,Italie,https://media.api-sports.io/football/teams/517.png,https://media.api-sports.io/football/teams/497.png,,
135_1223830,Scheduled,0,0,487,1579,2027-02-09T14:00:00+00:00,W10=,Lazio,🇮🇹,Monza,🇮🇹,Serie A,Regular Season - 24,Stadio Olimpico,Roma,Italie,https://media.api-sports.io/football/teams/487.png,https://media.api-sports.io/football/teams/1579.png,,
135_1223825,Scheduled,0,0,490,523,2027-02-09T14:00:00+00:00,W10=,Cagliari,🇮🇹,Parma,🇮🇹,Serie A,Regular Season - 24,Unipol Domus,Cagliari,Italie,https://media.api-sports.io/football/teams/490.png,https://media.api-sports.io/football/teams/523.png,,
135_1223831,Scheduled,0,0,867,500,2027-02-09T17:00:00+00:00,W10=,Lecce,🇮🇹,Bologna,🇮🇹,Serie A,Regular Season - 24,Stadio Ettore Giardiniero - Via del Mare,Lecce,Italie,https://media.api-sports.io/football/teams/867.png,https://media.api-sports.io/football/teams/500.png,,
135_1223832,Scheduled,0,0,492,494,2027-02-09T19:45:00+00:00,W10=,Napoli,🇮🇹,Udinese,🇮🇹,Serie A,Regular Season - 24,Stadio Diego Armando Maradona,Napoli,Italie,https://media.api-sports.io/football/teams/492.png,https://media.api-sports.io/football/teams/494.png,,
135_1223829,Scheduled,0,0,505,502,2027-02-10T19:45:00+00:00,W10=,Inter,🔵⚫️,Fiorentina,🇮🇹,Serie A,Regular Season - 24,Stadio Giuseppe Meazza,Milano,Italie,https://media.api-sports.io/football/teams/505.png,https://media.api-sports.io/football/teams/502.png,,
135_1223836,Scheduled,0,0,500,503,2027-02-14T19:45:00+00:00,W10=,Bologna,🇮🇹,Torino,🇮🇹,Serie A,Regular Season - 25,Stadio Renato Dall'Ara,Bologna,Italie,https://media.api-sports.io/football/teams/500.png,https://media.api-sports.io/football/teams/503.png,,
135_1223835,Scheduled,0,0,499,490,2027-02-15T14:00:00+00:00,W10=,Atalanta,🇮🇹,Cagliari,🇮🇹,Serie A,Regular Season - 25,Gewiss Stadium,Bergamo,Italie,https://media.api-sports.io/football/teams/499.png,https://media.api-sports.io/football/teams/490.png,,
135_1223840,Scheduled,0,0,487,492,2027-02-15T17:00:00+00:00,W10=,Lazio,🇮🇹,Napoli,🇮🇹,Serie A,Regular Season - 25,Stadio Olimpico,Roma,Italie,https://media.api-sports.io/football/teams/487.png,https://media.api-sports.io/football/teams/492.png,,
135_1223841,Scheduled,0,0,489,504,2027-02-15T19:45:00+00:00,W10=,AC Milan,🔴⚫️,Hellas Verona,🇮🇹,Serie A,Regular Season - 25,Stadio Giuseppe Meazza,Milano,Italie,https://media.api-sports.io/football/teams/489.png,https://media.api-sports.io/football/teams/504.png,,
135_1223837,Scheduled,0,0,502,895,2027-02-16T11:30:00+00:00,W10=,Fiorentina,🇮🇹,Como,🇮🇹,Serie A,Regular Season - 25,Stadio Artemio Franchi,Firenze,Italie,https://media.api-sports.io/football/teams/502.png,https://media.api-sports.io/football/teams/895.png,,
135_1223844,Scheduled,0,0,494,511,2027-02-16T14:00:00+00:00,W10=,Udinese,🇮🇹,Empoli,🇮🇹,Serie A,Regular Season - 25,Bluenergy Stadium,Udine,Italie,https://media.api-sports.io/football/teams/494.png,https://media.api-sports.io/football/teams/511.png,,
135_1223842,Scheduled,0,0,1579,867,2027-02-16T14:00:00+00:00,W10=,Monza,🇮🇹,Lecce,🇮🇹,Serie A,Regular Season - 25,U-Power Stadium,Monza,Italie,https://media.api-sports.io/football/teams/1579.png,https://media.api-sports.io/football/teams/867.png,,
135_1223843,Scheduled,0,0,523,497,2027-02-16T17:00:00+00:00,W10=,Parma,🇮🇹,AS Roma,🇮🇹,Serie A,Regular Season - 25,Stadio Ennio Tardini,Parma,Italie,https://media.api-sports.io/football/teams/523.png,https://media.api-sports.io/football/teams/497.png,,
135_1223839,Scheduled,0,0,496,505,2027-02-16T19:45:00+00:00,W10=,Juventus,⚪️⚫️,Inter,🔵⚫️,Serie A,Regular Season - 25,Allianz Stadium,Torino,Italie,https://media.api-sports.io/football/teams/496.png,https://media.api-sports.io/football/teams/505.png,,
135_1223838,Scheduled,0,0,495,517,2027-02-17T19:45:00+00:00,W10=,Genoa,🇮🇹,Venezia,🇮🇹,Serie A,Regular Season - 25,Stadio Comunale Luigi Ferraris,Genova,Italie,https://media.api-sports.io/football/teams/495.png,https://media.api-sports.io/football/teams/517.png,,
135_1223850,Scheduled,0,0,867,494,2027-02-21T19:45:00+00:00,W10=,Lecce,🇮🇹,Udinese,🇮🇹,Serie A,Regular Season - 26,Stadio Ettore Giardiniero - Via del Mare,Lecce,Italie,https://media.api-sports.io/football/teams/867.png,https://media.api-sports.io/football/teams/494.png,,
135_1223854,Scheduled,0,0,517,487,2027-02-22T14:00:00+00:00,W10=,Venezia,🇮🇹,Lazio,🇮🇹,Serie A,Regular Season - 26,Stadio Pier Luigi Penzo,Venezia,Italie,https://media.api-sports.io/football/teams/517.png,https://media.api-sports.io/football/teams/487.png,,
135_1223851,Scheduled,0,0,523,500,2027-02-22T14:00:00+00:00,W10=,Parma,🇮🇹,Bologna,🇮🇹,Serie A,Regular Season - 26,Stadio Ennio Tardini,Parma,Italie,https://media.api-sports.io/football/teams/523.png,https://media.api-sports.io/football/teams/500.png,,
135_1223853,Scheduled,0,0,503,489,2027-02-22T17:00:00+00:00,W10=,Torino,🇮🇹,AC Milan,🔴⚫️,Serie A,Regular Season - 26,Stadio Olimpico Grande Torino,Torino,Italie,https://media.api-sports.io/football/teams/503.png,https://media.api-sports.io/football/teams/489.png,,
135_1223849,Scheduled,0,0,505,495,2027-02-22T19:45:00+00:00,W10=,Inter,🔵⚫️,Genoa,🇮🇹,Serie A,Regular Season - 26,Stadio Giuseppe Meazza,Milano,Italie,https://media.api-sports.io/football/teams/505.png,https://media.api-sports.io/football/teams/495.png,,
135_1223846,Scheduled,0,0,895,492,2027-02-23T11:30:00+00:00,W10=,Como,🇮🇹,Napoli,🇮🇹,Serie A,Regular Season - 26,Stadio Giuseppe Sinigaglia,Como,Italie,https://media.api-sports.io/football/teams/895.png,https://media.api-sports.io/football/teams/492.png,,
135_1223848,Scheduled,0,0,504,502,2027-02-23T14:00:00+00:00,W10=,Hellas Verona,🇮🇹,Fiorentina,🇮🇹,Serie A,Regular Season - 26,Stadio Marcantonio Bentegodi,Verona,Italie,https://media.api-sports.io/football/teams/504.png,https://media.api-sports.io/football/teams/502.png,,
135_1223847,Scheduled,0,0,511,499,2027-02-23T17:00:00+00:00,W10=,Empoli,🇮🇹,Atalanta,🇮🇹,Serie A,Regular Season - 26,Stadio Carlo Castellani – Computer Gross Arena,Empoli,Italie,https://media.api-sports.io/football/teams/511.png,https://media.api-sports.io/football/teams/499.png,,
135_1223845,Scheduled,0,0,490,496,2027-02-23T19:45:00+00:00,W10=,Cagliari,🇮🇹,Juventus,⚪️⚫️,Serie A,Regular Season - 26,Unipol Domus,Cagliari,Italie,https://media.api-sports.io/football/teams/490.png,https://media.api-sports.io/football/teams/496.png,,
135_1223852,Scheduled,0,0,497,1579,2027-02-24T19:45:00+00:00,W10=,AS Roma,🇮🇹,Monza,🇮🇹,Serie A,Regular Season - 26,Stadio Olimpico,Roma,Italie,https://media.api-sports.io/football/teams/497.png,https://media.api-sports.io/football/teams/1579.png,,
135_1223676,Scheduled,0,0,500,489,2027-02-27T19:45:00+00:00,W10=,Bologna,🇮🇹,AC Milan,🔴⚫️,Serie A,Regular Season - 9,Stadio Renato Dall'Ara,Bologna,Italie,https://media.api-sports.io/football/teams/500.png,https://media.api-sports.io/football/teams/489.png,,
135_1223857,Scheduled,0,0,502,867,2027-02-28T19:45:00+00:00,W10=,Fiorentina,🇮🇹,Lecce,🇮🇹,Serie A,Regular Season - 27,Stadio Artemio Franchi,Firenze,Italie,https://media.api-sports.io/football/teams/502.png,https://media.api-sports.io/football/teams/867.png,,
135_1223855,Scheduled,0,0,499,517,2027-03-01T14:00:00+00:00,W10=,Atalanta,🇮🇹,Venezia,🇮🇹,Serie A,Regular Season - 27,Gewiss Stadium,Bergamo,Italie,https://media.api-sports.io/football/teams/499.png,https://media.api-sports.io/football/teams/517.png,,
135_1223862,Scheduled,0,0,492,505,2027-03-01T17:00:00+00:00,W10=,Napoli,🇮🇹,Inter,🔵⚫️,Serie A,Regular Season - 27,Stadio Diego Armando Maradona,Napoli,Italie,https://media.api-sports.io/football/teams/492.png,https://media.api-sports.io/football/teams/505.png,,
135_1223864,Scheduled,0,0,494,523,2027-03-01T19:45:00+00:00,W10=,Udinese,🇮🇹,Parma,🇮🇹,Serie A,Regular Season - 27,Bluenergy Stadium,Udine,Italie,https://media.api-sports.io/football/teams/494.png,https://media.api-sports.io/football/teams/523.png,,
135_1223861,Scheduled,0,0,1579,503,2027-03-02T11:30:00+00:00,W10=,Monza,🇮🇹,Torino,🇮🇹,Serie A,Regular Season - 27,U-Power Stadium,Monza,Italie,https://media.api-sports.io/football/teams/1579.png,https://media.api-sports.io/football/teams/503.png,,
135_1223858,Scheduled,0,0,495,511,2027-03-02T14:00:00+00:00,W10=,Genoa,🇮🇹,Empoli,🇮🇹,Serie A,Regular Season - 27,Stadio Comunale Luigi Ferraris,Genova,Italie,https://media.api-sports.io/football/teams/495.png,https://media.api-sports.io/football/teams/511.png,,
135_1223856,Scheduled,0,0,500,490,2027-03-02T14:00:00+00:00,W10=,Bologna,🇮🇹,Cagliari,🇮🇹,Serie A,Regular Season - 27,Stadio Renato Dall'Ara,Bologna,Italie,https://media.api-sports.io/football/teams/500.png,https://media.api-sports.io/football/teams/490.png,,
135_1223863,Scheduled,0,0,497,895,2027-03-02T17:00:00+00:00,W10=,AS Roma,🇮🇹,Como,🇮🇹,Serie A,Regular Season - 27,Stadio Olimpico,Roma,Italie,https://media.api-sports.io/football/teams/497.png,https://media.api-sports.io/football/teams/895.png,,
135_1223860,Scheduled,0,0,489,487,2027-03-02T19:45:00+00:00,W10=,AC Milan,🔴⚫️,Lazio,🇮🇹,Serie A,Regular Season - 27,Stadio Giuseppe Meazza,Milano,Italie,https://media.api-sports.io/football/teams/489.png,https://media.api-sports.io/football/teams/487.png,,
135_1223859,Scheduled,0,0,496,504,2027-03-03T19:45:00+00:00,W10=,Juventus,⚪️⚫️,Hellas Verona,🇮🇹,Serie A,Regular Season - 27,Allianz Stadium,Torino,Italie,https://media.api-sports.io/football/teams/496.png,https://media.api-sports.io/football/teams/504.png,,
135_1223865,Scheduled,0,0,490,495,2027-03-07T19:45:00+00:00,W10=,Cagliari,🇮🇹,Genoa,🇮🇹,Serie A,Regular Season - 28,Unipol Domus,Cagliari,Italie,https://media.api-sports.io/football/teams/490.png,https://media.api-sports.io/football/teams/495.png,,
135_1223874,Scheduled,0,0,523,503,2027-03-08T14:00:00+00:00,W10=,Parma,🇮🇹,Torino,🇮🇹,Serie A,Regular Season - 28,Stadio Ennio Tardini,Parma,Italie,https://media.api-sports.io/football/teams/523.png,https://media.api-sports.io/football/teams/503.png,,
135_1223866,Scheduled,0,0,895,517,2027-03-08T14:00:00+00:00,W10=,Como,🇮🇹,Venezia,🇮🇹,Serie A,Regular Season - 28,Stadio Giuseppe Sinigaglia,Como,Italie,https://media.api-sports.io/football/teams/895.png,https://media.api-sports.io/football/teams/517.png,,
135_1223872,Scheduled,0,0,867,489,2027-03-08T17:00:00+00:00,W10=,Lecce,🇮🇹,AC Milan,🔴⚫️,Serie A,Regular Season - 28,Stadio Ettore Giardiniero - Via del Mare,Lecce,Italie,https://media.api-sports.io/football/teams/867.png,https://media.api-sports.io/football/teams/489.png,,
135_1223869,Scheduled,0,0,505,1579,2027-03-08T19:45:00+00:00,W10=,Inter,🔵⚫️,Monza,🇮🇹,Serie A,Regular Season - 28,Stadio Giuseppe Meazza,Milano,Italie,https://media.api-sports.io/football/teams/505.png,https://media.api-sports.io/football/teams/1579.png,,
135_1223868,Scheduled,0,0,504,500,2027-03-09T11:30:00+00:00,W10=,Hellas Verona,🇮🇹,Bologna,🇮🇹,Serie A,Regular Season - 28,Stadio Marcantonio Bentegodi,Verona,Italie,https://media.api-sports.io/football/teams/504.png,https://media.api-sports.io/football/teams/500.png,,
135_1223873,Scheduled,0,0,492,502,2027-03-09T14:00:00+00:00,W10=,Napoli,🇮🇹,Fiorentina,🇮🇹,Serie A,Regular Season - 28,Stadio Diego Armando Maradona,Napoli,Italie,https://media.api-sports.io/football/teams/492.png,https://media.api-sports.io/football/teams/502.png,,
135_1223867,Scheduled,0,0,511,497,2027-03-09T17:00:00+00:00,W10=,Empoli,🇮🇹,AS Roma,🇮🇹,Serie A,Regular Season - 28,Stadio Carlo Castellani – Computer Gross Arena,Empoli,Italie,https://media.api-sports.io/football/teams/511.png,https://media.api-sports.io/football/teams/497.png,,
135_1223870,Scheduled,0,0,496,499,2027-03-09T19:45:00+00:00,W10=,Juventus,⚪️⚫️,Atalanta,🇮🇹,Serie A,Regular Season - 28,Allianz Stadium,Torino,Italie,https://media.api-sports.io/football/teams/496.png,https://media.api-sports.io/football/teams/499.png,,
135_1223871,Scheduled,0,0,487,494,2027-03-10T19:45:00+00:00,W10=,Lazio,🇮🇹,Udinese,🇮🇹,Serie A,Regular Season - 28,Stadio Olimpico,Roma,Italie,https://media.api-sports.io/football/teams/487.png,https://media.api-sports.io/football/teams/494.png,,
135_1223878,Scheduled,0,0,495,867,2027-03-14T19:45:00+00:00,W10=,Genoa,🇮🇹,Lecce,🇮🇹,Serie A,Regular Season - 29,Stadio Comunale Luigi Ferraris,Genova,Italie,https://media.api-sports.io/football/teams/495.png,https://media.api-sports.io/football/teams/867.png,,
135_1223883,Scheduled,0,0,494,504,2027-03-15T14:00:00+00:00,W10=,Udinese,🇮🇹,Hellas Verona,🇮🇹,Serie A,Regular Season - 29,Bluenergy Stadium,Udine,Italie,https://media.api-sports.io/football/teams/494.png,https://media.api-sports.io/football/teams/504.png,,
135_1223880,Scheduled,0,0,1579,523,2027-03-15T14:00:00+00:00,W10=,Monza,🇮🇹,Parma,🇮🇹,Serie A,Regular Season - 29,U-Power Stadium,Monza,Italie,https://media.api-sports.io/football/teams/1579.png,https://media.api-sports.io/football/teams/523.png,,
135_1223879,Scheduled,0,0,489,895,2027-03-15T17:00:00+00:00,W10=,AC Milan,🔴⚫️,Como,🇮🇹,Serie A,Regular Season - 29,Stadio Giuseppe Meazza,Milano,Italie,https://media.api-sports.io/football/teams/489.png,https://media.api-sports.io/football/teams/895.png,,
135_1223882,Scheduled,0,0,503,511,2027-03-15T19:45:00+00:00,W10=,Torino,🇮🇹,Empoli,🇮🇹,Serie A,Regular Season - 29,Stadio Olimpico Grande Torino,Torino,Italie,https://media.api-sports.io/football/teams/503.png,https://media.api-sports.io/football/teams/511.png,,
135_1223884,Scheduled,0,0,517,492,2027-03-16T11:30:00+00:00,W10=,Venezia,🇮🇹,Napoli,🇮🇹,Serie A,Regular Season - 29,Stadio Pier Luigi Penzo,Venezia,Italie,https://media.api-sports.io/football/teams/517.png,https://media.api-sports.io/football/teams/492.png,,
135_1223876,Scheduled,0,0,500,487,2027-03-16T14:00:00+00:00,W10=,Bologna,🇮🇹,Lazio,🇮🇹,Serie A,Regular Season - 29,Stadio Renato Dall'Ara,Bologna,Italie,https://media.api-sports.io/football/teams/500.png,https://media.api-sports.io/football/teams/487.png,,
135_1223881,Scheduled,0,0,497,490,2027-03-16T15:00:00+00:00,W10=,AS Roma,🇮🇹,Cagliari,🇮🇹,Serie A,Regular Season - 29,Stadio Olimpico,Roma,Italie,https://media.api-sports.io/football/teams/497.png,https://media.api-sports.io/football/teams/490.png,,
135_1223877,Scheduled,0,0,502,496,2027-03-16T17:00:00+00:00,W10=,Fiorentina,🇮🇹,Juventus,⚪️⚫️,Serie A,Regular Season - 29,Stadio Artemio Franchi,Firenze,Italie,https://media.api-sports.io/football/teams/502.png,https://media.api-sports.io/football/teams/496.png,,
135_1223875,Scheduled,0,0,499,505,2027-03-16T19:45:00+00:00,W10=,Atalanta,🇮🇹,Inter,🔵⚫️,Serie A,Regular Season - 29,Gewiss Stadium,Bergamo,Italie,https://media.api-sports.io/football/teams/499.png,https://media.api-sports.io/football/teams/505.png,,
135_1223894,Scheduled,0,0,517,500,2027-03-29T14:00:00+00:00,W10=,Venezia,🇮🇹,Bologna,🇮🇹,Serie A,Regular Season - 30,Stadio Pier Luigi Penzo,Venezia,Italie,https://media.api-sports.io/football/teams/517.png,https://media.api-sports.io/football/teams/500.png,,
135_1223886,Scheduled,0,0,895,511,2027-03-29T14:00:00+00:00,W10=,Como,🇮🇹,Empoli,🇮🇹,Serie A,Regular Season - 30,Stadio Giuseppe Sinigaglia,Como,Italie,https://media.api-sports.io/football/teams/895.png,https://media.api-sports.io/football/teams/511.png,,
135_1223890,Scheduled,0,0,496,495,2027-03-29T17:00:00+00:00,W10=,Juventus,⚪️⚫️,Genoa,🇮🇹,Serie A,Regular Season - 30,Allianz Stadium,Torino,Italie,https://media.api-sports.io/football/teams/496.png,https://media.api-sports.io/football/teams/495.png,,
135_1223892,Scheduled,0,0,867,497,2027-03-29T19:45:00+00:00,W10=,Lecce,🇮🇹,AS Roma,🇮🇹,Serie A,Regular Season - 30,Stadio Ettore Giardiniero - Via del Mare,Lecce,Italie,https://media.api-sports.io/football/teams/867.png,https://media.api-sports.io/football/teams/497.png,,
135_1223885,Scheduled,0,0,490,1579,2027-03-30T10:30:00+00:00,W10=,Cagliari,🇮🇹,Monza,🇮🇹,Serie A,Regular Season - 30,Unipol Domus,Cagliari,Italie,https://media.api-sports.io/football/teams/490.png,https://media.api-sports.io/football/teams/1579.png,,
135_1223887,Scheduled,0,0,502,499,2027-03-30T13:00:00+00:00,W10=,Fiorentina,🇮🇹,Atalanta,🇮🇹,Serie A,Regular Season - 30,Stadio Artemio Franchi,Firenze,Italie,https://media.api-sports.io/football/teams/502.png,https://media.api-sports.io/football/teams/499.png,,
135_1223889,Scheduled,0,0,505,494,2027-03-30T16:00:00+00:00,W10=,Inter,🔵⚫️,Udinese,🇮🇹,Serie A,Regular Season - 30,Stadio Giuseppe Meazza,Milano,Italie,https://media.api-sports.io/football/teams/505.png,https://media.api-sports.io/football/teams/494.png,,
135_1223893,Scheduled,0,0,492,489,2027-03-30T18:45:00+00:00,W10=,Napoli,🇮🇹,AC Milan,🔴⚫️,Serie A,Regular Season - 30,Stadio Diego Armando Maradona,Napoli,Italie,https://media.api-sports.io/football/teams/492.png,https://media.api-sports.io/football/teams/489.png,,
135_1223888,Scheduled,0,0,504,523,2027-03-31T16:30:00+00:00,W10=,Hellas Verona,🇮🇹,Parma,🇮🇹,Serie A,Regular Season - 30,Stadio Marcantonio Bentegodi,Verona,Italie,https://media.api-sports.io/football/teams/504.png,https://media.api-sports.io/football/teams/523.png,,
135_1223891,Scheduled,0,0,487,503,2027-03-31T18:45:00+00:00,W10=,Lazio,🇮🇹,Torino,🇮🇹,Serie A,Regular Season - 30,Stadio Olimpico,Roma,Italie,https://media.api-sports.io/football/teams/487.png,https://media.api-sports.io/football/teams/503.png,,
135_1223898,Scheduled,0,0,495,494,2027-04-04T18:45:00+00:00,W10=,Genoa,🇮🇹,Udinese,🇮🇹,Serie A,Regular Season - 31,Stadio Comunale Luigi Ferraris,Genova,Italie,https://media.api-sports.io/football/teams/495.png,https://media.api-sports.io/football/teams/494.png,,
135_1223901,Scheduled,0,0,1579,895,2027-04-05T13:00:00+00:00,W10=,Monza,🇮🇹,Como,🇮🇹,Serie A,Regular Season - 31,U-Power Stadium,Monza,Italie,https://media.api-sports.io/football/teams/1579.png,https://media.api-sports.io/football/teams/895.png,,
135_1223902,Scheduled,0,0,523,505,2027-04-05T16:00:00+00:00,W10=,Parma,🇮🇹,Inter,🔵⚫️,Serie A,Regular Season - 31,Stadio Ennio Tardini,Parma,Italie,https://media.api-sports.io/football/teams/523.png,https://media.api-sports.io/football/teams/505.png,,
135_1223900,Scheduled,0,0,489,502,2027-04-05T18:45:00+00:00,W10=,AC Milan,🔴⚫️,Fiorentina,🇮🇹,Serie A,Regular Season - 31,Stadio Giuseppe Meazza,Milano,Italie,https://media.api-sports.io/football/teams/489.png,https://media.api-sports.io/football/teams/502.png,,
135_1223899,Scheduled,0,0,867,517,2027-04-06T10:30:00+00:00,W10=,Lecce,🇮🇹,Venezia,🇮🇹,Serie A,Regular Season - 31,Stadio Ettore Giardiniero - Via del Mare,Lecce,Italie,https://media.api-sports.io/football/teams/867.png,https://media.api-sports.io/football/teams/517.png,,
135_1223904,Scheduled,0,0,503,504,2027-04-06T13:00:00+00:00,W10=,Torino,🇮🇹,Hellas Verona,🇮🇹,Serie A,Regular Season - 31,Stadio Olimpico Grande Torino,Torino,Italie,https://media.api-sports.io/football/teams/503.png,https://media.api-sports.io/football/teams/504.png,,
135_1223897,Scheduled,0,0,511,490,2027-04-06T13:00:00+00:00,W10=,Empoli,🇮🇹,Cagliari,🇮🇹,Serie A,Regular Season - 31,Stadio Carlo Castellani – Computer Gross Arena,Empoli,Italie,https://media.api-sports.io/football/teams/511.png,https://media.api-sports.io/football/teams/490.png,,
135_1223895,Scheduled,0,0,499,487,2027-04-06T16:00:00+00:00,W10=,Atalanta,🇮🇹,Lazio,🇮🇹,Serie A,Regular Season - 31,Gewiss Stadium,Bergamo,Italie,https://media.api-sports.io/football/teams/499.png,https://media.api-sports.io/football/teams/487.png,,
135_1223903,Scheduled,0,0,497,496,2027-04-06T18:45:00+00:00,W10=,AS Roma,🇮🇹,Juventus,⚪️⚫️,Serie A,Regular Season - 31,Stadio Olimpico,Roma,Italie,https://media.api-sports.io/football/teams/497.png,https://media.api-sports.io/football/teams/496.png,,
135_1223896,Scheduled,0,0,500,492,2027-04-07T18:45:00+00:00,W10=,Bologna,🇮🇹,Napoli,🇮🇹,Serie A,Regular Season - 31,Stadio Renato Dall'Ara,Bologna,Italie,https://media.api-sports.io/football/teams/500.png,https://media.api-sports.io/football/teams/492.png,,
135_1223913,Scheduled,0,0,494,489,2027-04-11T18:45:00+00:00,W10=,Udinese,🇮🇹,AC Milan,🔴⚫️,Serie A,Regular Season - 32,Bluenergy Stadium,Udine,Italie,https://media.api-sports.io/football/teams/494.png,https://media.api-sports.io/football/teams/489.png,,
135_1223914,Scheduled,0,0,517,1579,2027-04-12T13:00:00+00:00,W10=,Venezia,🇮🇹,Monza,🇮🇹,Serie A,Regular Season - 32,Stadio Pier Luigi Penzo,Venezia,Italie,https://media.api-sports.io/football/teams/517.png,https://media.api-sports.io/football/teams/1579.png,,
135_1223909,Scheduled,0,0,505,490,2027-04-12T16:00:00+00:00,W10=,Inter,🔵⚫️,Cagliari,🇮🇹,Serie A,Regular Season - 32,Stadio Giuseppe Meazza,Milano,Italie,https://media.api-sports.io/football/teams/505.png,https://media.api-sports.io/football/teams/490.png,,
135_1223910,Scheduled,0,0,496,867,2027-04-12T18:45:00+00:00,W10=,Juventus,⚪️⚫️,Lecce,🇮🇹,Serie A,Regular Season - 32,Allianz Stadium,Torino,Italie,https://media.api-sports.io/football/teams/496.png,https://media.api-sports.io/football/teams/867.png,,
135_1223905,Scheduled,0,0,499,500,2027-04-13T10:30:00+00:00,W10=,Atalanta,🇮🇹,Bologna,🇮🇹,Serie A,Regular Season - 32,Gewiss Stadium,Bergamo,Italie,https://media.api-sports.io/football/teams/499.png,https://media.api-sports.io/football/teams/500.png,,
135_1223907,Scheduled,0,0,502,523,2027-04-13T13:00:00+00:00,W10=,Fiorentina,🇮🇹,Parma,🇮🇹,Serie A,Regular Season - 32,Stadio Artemio Franchi,Firenze,Italie,https://media.api-sports.io/football/teams/502.png,https://media.api-sports.io/football/teams/523.png,,
135_1223908,Scheduled,0,0,504,495,2027-04-13T13:00:00+00:00,W10=,Hellas Verona,🇮🇹,Genoa,🇮🇹,Serie A,Regular Season - 32,Stadio Marcantonio Bentegodi,Verona,Italie,https://media.api-sports.io/football/teams/504.png,https://media.api-sports.io/football/teams/495.png,,
135_1223906,Scheduled,0,0,895,503,2027-04-13T16:00:00+00:00,W10=,Como,🇮🇹,Torino,🇮🇹,Serie A,Regular Season - 32,Stadio Giuseppe Sinigaglia,Como,Italie,https://media.api-sports.io/football/teams/895.png,https://media.api-sports.io/football/teams/503.png,,
135_1223911,Scheduled,0,0,487,497,2027-04-13T18:45:00+00:00,W10=,Lazio,🇮🇹,AS Roma,🇮🇹,Serie A,Regular Season - 32,Stadio Olimpico,Roma,Italie,https://media.api-sports.io/football/teams/487.png,https://media.api-sports.io/football/teams/497.png,,
135_1223912,Scheduled,0,0,492,511,2027-04-14T18:45:00+00:00,W10=,Napoli,🇮🇹,Empoli,🇮🇹,Serie A,Regular Season - 32,Stadio Diego Armando Maradona,Napoli,Italie,https://media.api-sports.io/football/teams/492.png,https://media.api-sports.io/football/teams/511.png,,
135_1223919,Scheduled,0,0,867,895,2027-04-19T13:00:00+00:00,W10=,Lecce,🇮🇹,Como,🇮🇹,Serie A,Regular Season - 33,Stadio Ettore Giardiniero - Via del Mare,Lecce,Italie,https://media.api-sports.io/football/teams/867.png,https://media.api-sports.io/football/teams/895.png,,
135_1223921,Scheduled,0,0,1579,492,2027-04-19T16:00:00+00:00,W10=,Monza,🇮🇹,Napoli,🇮🇹,Serie A,Regular Season - 33,U-Power Stadium,Monza,Italie,https://media.api-sports.io/football/teams/1579.png,https://media.api-sports.io/football/teams/492.png,,
135_1223923,Scheduled,0,0,497,504,2027-04-19T18:45:00+00:00,W10=,AS Roma,🇮🇹,Hellas Verona,🇮🇹,Serie A,Regular Season - 33,Stadio Olimpico,Roma,Italie,https://media.api-sports.io/football/teams/497.png,https://media.api-sports.io/football/teams/504.png,,
135_1223917,Scheduled,0,0,511,517,2027-04-20T13:00:00+00:00,W10=,Empoli,🇮🇹,Venezia,🇮🇹,Serie A,Regular Season - 33,Stadio Carlo Castellani – Computer Gross Arena,Empoli,Italie,https://media.api-sports.io/football/teams/511.png,https://media.api-sports.io/football/teams/517.png,,
135_1223915,Scheduled,0,0,500,505,2027-04-20T16:00:00+00:00,W10=,Bologna,🇮🇹,Inter,🔵⚫️,Serie A,Regular Season - 33,Stadio Renato Dall'Ara,Bologna,Italie,https://media.api-sports.io/football/teams/500.png,https://media.api-sports.io/football/teams/505.png,,
135_1223920,Scheduled,0,0,489,499,2027-04-20T18:45:00+00:00,W10=,AC Milan,🔴⚫️,Atalanta,🇮🇹,Serie A,Regular Season - 33,Stadio Giuseppe Meazza,Milano,Italie,https://media.api-sports.io/football/teams/489.png,https://media.api-sports.io/football/teams/499.png,,
135_1223916,Scheduled,0,0,490,502,2027-04-23T16:30:00+00:00,W10=,Cagliari,🇮🇹,Fiorentina,🇮🇹,Serie A,Regular Season - 33,Unipol Domus,Cagliari,Italie,https://media.api-sports.io/football/teams/490.png,https://media.api-sports.io/football/teams/502.png,,
135_1223918,Scheduled,0,0,495,487,2027-04-23T16:30:00+00:00,W10=,Genoa,🇮🇹,Lazio,🇮🇹,Serie A,Regular Season - 33,Stadio Comunale Luigi Ferraris,Genova,Italie,https://media.api-sports.io/football/teams/495.png,https://media.api-sports.io/football/teams/487.png,,
135_1223924,Scheduled,0,0,503,494,2027-04-23T16:30:00+00:00,W10=,Torino,🇮🇹,Udinese,🇮🇹,Serie A,Regular Season - 33,Stadio Olimpico Grande Torino,Torino,Italie,https://media.api-sports.io/football/teams/503.png,https://media.api-sports.io/football/teams/494.png,,
135_1223922,Scheduled,0,0,523,496,2027-04-23T16:30:00+00:00,W10=,Parma,🇮🇹,Juventus,⚪️⚫️,Serie A,Regular Season - 33,Stadio Ennio Tardini,Parma,Italie,https://media.api-sports.io/football/teams/523.png,https://media.api-sports.io/football/teams/496.png,,
135_1223934,Scheduled,0,0,517,489,2027-04-27T10:30:00+00:00,W10=,Venezia,🇮🇹,AC Milan,🔴⚫️,Serie A,Regular Season - 34,Stadio Pier Luigi Penzo,Venezia,Italie,https://media.api-sports.io/football/teams/517.png,https://media.api-sports.io/football/teams/489.png,,
135_1223926,Scheduled,0,0,895,495,2027-04-27T10:30:00+00:00,W10=,Como,🇮🇹,Genoa,🇮🇹,Serie A,Regular Season - 34,Stadio Giuseppe Sinigaglia,Como,Italie,https://media.api-sports.io/football/teams/895.png,https://media.api-sports.io/football/teams/495.png,,
135_1223927,Scheduled,0,0,502,511,2027-04-27T13:00:00+00:00,W10=,Fiorentina,🇮🇹,Empoli,🇮🇹,Serie A,Regular Season - 34,Stadio Artemio Franchi,Firenze,Italie,https://media.api-sports.io/football/teams/502.png,https://media.api-sports.io/football/teams/511.png,,
135_1223929,Scheduled,0,0,505,497,2027-04-27T13:00:00+00:00,W10=,Inter,🔵⚫️,AS Roma,🇮🇹,Serie A,Regular Season - 34,Stadio Giuseppe Meazza,Milano,Italie,https://media.api-sports.io/football/teams/505.png,https://media.api-sports.io/football/teams/497.png,,
135_1223930,Scheduled,0,0,496,1579,2027-04-27T16:00:00+00:00,W10=,Juventus,⚪️⚫️,Monza,🇮🇹,Serie A,Regular Season - 34,Allianz Stadium,Torino,Italie,https://media.api-sports.io/football/teams/496.png,https://media.api-sports.io/football/teams/1579.png,,
135_1223932,Scheduled,0,0,492,503,2027-04-27T18:45:00+00:00,W10=,Napoli,🇮🇹,Torino,🇮🇹,Serie A,Regular Season - 34,Stadio Diego Armando Maradona,Napoli,Italie,https://media.api-sports.io/football/teams/492.png,https://media.api-sports.io/football/teams/503.png,,
135_1223925,Scheduled,0,0,499,867,2027-04-27T18:45:00+00:00,W10=,Atalanta,🇮🇹,Lecce,🇮🇹,Serie A,Regular Season - 34,Gewiss Stadium,Bergamo,Italie,https://media.api-sports.io/football/teams/499.png,https://media.api-sports.io/football/teams/867.png,,
135_1223933,Scheduled,0,0,494,500,2027-04-28T16:30:00+00:00,W10=,Udinese,🇮🇹,Bologna,🇮🇹,Serie A,Regular Season - 34,Bluenergy Stadium,Udine,Italie,https://media.api-sports.io/football/teams/494.png,https://media.api-sports.io/football/teams/500.png,,
135_1223931,Scheduled,0,0,487,523,2027-04-28T18:45:00+00:00,W10=,Lazio,🇮🇹,Parma,🇮🇹,Serie A,Regular Season - 34,Stadio Olimpico,Roma,Italie,https://media.api-sports.io/football/teams/487.png,https://media.api-sports.io/football/teams/523.png,,
135_1223928,Scheduled,0,0,504,490,2027-04-28T18:45:00+00:00,W10=,Hellas Verona,🇮🇹,Cagliari,🇮🇹,Serie A,Regular Season - 34,Stadio Marcantonio Bentegodi,Verona,Italie,https://media.api-sports.io/football/teams/504.png,https://media.api-sports.io/football/teams/490.png,,
135_1223944,Scheduled,0,0,503,517,2027-05-02T18:45:00+00:00,W10=,Torino,🇮🇹,Venezia,🇮🇹,Serie A,Regular Season - 35,Stadio Olimpico Grande Torino,Torino,Italie,https://media.api-sports.io/football/teams/503.png,https://media.api-sports.io/football/teams/517.png,,
135_1223936,Scheduled,0,0,490,494,2027-05-03T13:00:00+00:00,W10=,Cagliari,🇮🇹,Udinese,🇮🇹,Serie A,Regular Season - 35,Unipol Domus,Cagliari,Italie,https://media.api-sports.io/football/teams/490.png,https://media.api-sports.io/football/teams/494.png,,
135_1223942,Scheduled,0,0,523,895,2027-05-03T13:00:00+00:00,W10=,Parma,🇮🇹,Como,🇮🇹,Serie A,Regular Season - 35,Stadio Ennio Tardini,Parma,Italie,https://media.api-sports.io/football/teams/523.png,https://media.api-sports.io/football/teams/895.png,,
135_1223940,Scheduled,0,0,867,492,2027-05-03T16:00:00+00:00,W10=,Lecce,🇮🇹,Napoli,🇮🇹,Serie A,Regular Season - 35,Stadio Ettore Giardiniero - Via del Mare,Lecce,Italie,https://media.api-sports.io/football/teams/867.png,https://media.api-sports.io/football/teams/492.png,,
135_1223939,Scheduled,0,0,505,504,2027-05-03T18:45:00+00:00,W10=,Inter,🔵⚫️,Hellas Verona,🇮🇹,Serie A,Regular Season - 35,Stadio Giuseppe Meazza,Milano,Italie,https://media.api-sports.io/football/teams/505.png,https://media.api-sports.io/football/teams/504.png,,
135_1223937,Scheduled,0,0,511,487,2027-05-04T10:30:00+00:00,W10=,Empoli,🇮🇹,Lazio,🇮🇹,Serie A,Regular Season - 35,Stadio Carlo Castellani – Computer Gross Arena,Empoli,Italie,https://media.api-sports.io/football/teams/511.png,https://media.api-sports.io/football/teams/487.png,,
135_1223941,Scheduled,0,0,1579,499,2027-05-04T13:00:00+00:00,W10=,Monza,🇮🇹,Atalanta,🇮🇹,Serie A,Regular Season - 35,U-Power Stadium,Monza,Italie,https://media.api-sports.io/football/teams/1579.png,https://media.api-sports.io/football/teams/499.png,,
135_1223943,Scheduled,0,0,497,502,2027-05-04T16:00:00+00:00,W10=,AS Roma,🇮🇹,Fiorentina,🇮🇹,Serie A,Regular Season - 35,Stadio Olimpico,Roma,Italie,https://media.api-sports.io/football/teams/497.png,https://media.api-sports.io/football/teams/502.png,,
135_1223935,Scheduled,0,0,500,496,2027-05-04T18:45:00+00:00,W10=,Bologna,🇮🇹,Juventus,⚪️⚫️,Serie A,Regular Season - 35,Stadio Renato Dall'Ara,Bologna,Italie,https://media.api-sports.io/football/teams/500.png,https://media.api-sports.io/football/teams/496.png,,
135_1223938,Scheduled,0,0,495,489,2027-05-05T18:45:00+00:00,W10=,Genoa,🇮🇹,AC Milan,🔴⚫️,Serie A,Regular Season - 35,Stadio Comunale Luigi Ferraris,Genova,Italie,https://media.api-sports.io/football/teams/495.png,https://media.api-sports.io/football/teams/489.png,,
135_1223950,Scheduled,0,0,489,500,2027-05-09T18:45:00+00:00,W10=,AC Milan,🔴⚫️,Bologna,🇮🇹,Serie A,Regular Season - 36,Stadio Giuseppe Meazza,Milano,Italie,https://media.api-sports.io/football/teams/489.png,https://media.api-sports.io/football/teams/500.png,,
135_1223946,Scheduled,0,0,895,490,2027-05-10T13:00:00+00:00,W10=,Como,🇮🇹,Cagliari,🇮🇹,Serie A,Regular Season - 36,Stadio Giuseppe Sinigaglia,Como,Italie,https://media.api-sports.io/football/teams/895.png,https://media.api-sports.io/football/teams/490.png,,
135_1223949,Scheduled,0,0,487,496,2027-05-10T16:00:00+00:00,W10=,Lazio,🇮🇹,Juventus,⚪️⚫️,Serie A,Regular Season - 36,Stadio Olimpico,Roma,Italie,https://media.api-sports.io/football/teams/487.png,https://media.api-sports.io/football/teams/496.png,,
135_1223947,Scheduled,0,0,511,523,2027-05-10T18:45:00+00:00,W10=,Empoli,🇮🇹,Parma,🇮🇹,Serie A,Regular Season - 36,Stadio Carlo Castellani – Computer Gross Arena,Empoli,Italie,https://media.api-sports.io/football/teams/511.png,https://media.api-sports.io/football/teams/523.png,,
135_1223953,Scheduled,0,0,494,1579,2027-05-11T10:30:00+00:00,W10=,Udinese,🇮🇹,Monza,🇮🇹,Serie A,Regular Season - 36,Bluenergy Stadium,Udine,Italie,https://media.api-sports.io/football/teams/494.png,https://media.api-sports.io/football/teams/1579.png,,
135_1223948,Scheduled,0,0,504,867,2027-05-11T13:00:00+00:00,W10=,Hellas Verona,🇮🇹,Lecce,🇮🇹,Serie A,Regular Season - 36,Stadio Marcantonio Bentegodi,Verona,Italie,https://media.api-sports.io/football/teams/504.png,https://media.api-sports.io/football/teams/867.png,,
135_1223952,Scheduled,0,0,503,505,2027-05-11T16:00:00+00:00,W10=,Torino,🇮🇹,Inter,🔵⚫️,Serie A,Regular Season - 36,Stadio Olimpico Grande Torino,Torino,Italie,https://media.api-sports.io/football/teams/503.png,https://media.api-sports.io/football/teams/505.png,,
135_1223951,Scheduled,0,0,492,495,2027-05-11T18:45:00+00:00,W10=,Napoli,🇮🇹,Genoa,🇮🇹,Serie A,Regular Season - 36,Stadio Diego Armando Maradona,Napoli,Italie,https://media.api-sports.io/football/teams/492.png,https://media.api-sports.io/football/teams/495.png,,
135_1223954,Scheduled,0,0,517,502,2027-05-12T16:30:00+00:00,W10=,Venezia,🇮🇹,Fiorentina,🇮🇹,Serie A,Regular Season - 36,Stadio Pier Luigi Penzo,Venezia,Italie,https://media.api-sports.io/football/teams/517.png,https://media.api-sports.io/football/teams/502.png,,
135_1223945,Scheduled,0,0,499,497,2027-05-12T18:45:00+00:00,W10=,Atalanta,🇮🇹,AS Roma,🇮🇹,Serie A,Regular Season - 36,Gewiss Stadium,Bergamo,Italie,https://media.api-sports.io/football/teams/499.png,https://media.api-sports.io/football/teams/497.png,,
135_1223957,Scheduled,0,0,495,499,2027-05-17T18:45:00+00:00,W10=,Genoa,🇮🇹,Atalanta,🇮🇹,Serie A,Regular Season - 37,Stadio Comunale Luigi Ferraris,Genova,Italie,https://media.api-sports.io/football/teams/495.png,https://media.api-sports.io/football/teams/499.png,,
135_1223955,Scheduled,0,0,490,517,2027-05-18T18:45:00+00:00,W10=,Cagliari,🇮🇹,Venezia,🇮🇹,Serie A,Regular Season - 37,Unipol Domus,Cagliari,Italie,https://media.api-sports.io/football/teams/490.png,https://media.api-sports.io/football/teams/517.png,,
135_1223960,Scheduled,0,0,496,494,2027-05-18T18:45:00+00:00,W10=,Juventus,⚪️⚫️,Udinese,🇮🇹,Serie A,Regular Season - 37,Allianz Stadium,Torino,Italie,https://media.api-sports.io/football/teams/496.png,https://media.api-sports.io/football/teams/494.png,,
135_1223964,Scheduled,0,0,497,489,2027-05-18T18:45:00+00:00,W10=,AS Roma,🇮🇹,AC Milan,🔴⚫️,Serie A,Regular Season - 37,Stadio Olimpico,Roma,Italie,https://media.api-sports.io/football/teams/497.png,https://media.api-sports.io/football/teams/489.png,,
135_1223956,Scheduled,0,0,502,500,2027-05-18T18:45:00+00:00,W10=,Fiorentina,🇮🇹,Bologna,🇮🇹,Serie A,Regular Season - 37,Stadio Artemio Franchi,Firenze,Italie,https://media.api-sports.io/football/teams/502.png,https://media.api-sports.io/football/teams/500.png,,
135_1223958,Scheduled,0,0,504,895,2027-05-18T18:45:00+00:00,W10=,Hellas Verona,🇮🇹,Como,🇮🇹,Serie A,Regular Season - 37,Stadio Marcantonio Bentegodi,Verona,Italie,https://media.api-sports.io/football/teams/504.png,https://media.api-sports.io/football/teams/895.png,,
135_1223959,Scheduled,0,0,505,487,2027-05-18T18:45:00+00:00,W10=,Inter,🔵⚫️,Lazio,🇮🇹,Serie A,Regular Season - 37,Stadio Giuseppe Meazza,Milano,Italie,https://media.api-sports.io/football/teams/505.png,https://media.api-sports.io/football/teams/487.png,,
135_1223963,Scheduled,0,0,523,492,2027-05-18T18:45:00+00:00,W10=,Parma,🇮🇹,Napoli,🇮🇹,Serie A,Regular Season - 37,Stadio Ennio Tardini,Parma,Italie,https://media.api-sports.io/football/teams/523.png,https://media.api-sports.io/football/teams/492.png,,
135_1223961,Scheduled,0,0,867,503,2027-05-18T18:45:00+00:00,W10=,Lecce,🇮🇹,Torino,🇮🇹,Serie A,Regular Season - 37,Stadio Ettore Giardiniero - Via del Mare,Lecce,Italie,https://media.api-sports.io/football/teams/867.png,https://media.api-sports.io/football/teams/503.png,,
135_1223962,Scheduled,0,0,1579,511,2027-05-18T18:45:00+00:00,W10=,Monza,🇮🇹,Empoli,🇮🇹,Serie A,Regular Season - 37,U-Power Stadium,Monza,Italie,https://media.api-sports.io/football/teams/1579.png,https://media.api-sports.io/football/teams/511.png,,
135_1223971,Scheduled,0,0,492,490,2027-05-23T18:45:00+00:00,W10=,Napoli,🇮🇹,Cagliari,🇮🇹,Serie A,Regular Season - 38,Stadio Diego Armando Maradona,Napoli,Italie,https://media.api-sports.io/football/teams/492.png,https://media.api-sports.io/football/teams/490.png,,
135_1223967,Scheduled,0,0,895,505,2027-05-23T18:45:00+00:00,W10=,Como,🇮🇹,Inter,🔵⚫️,Serie A,Regular Season - 38,Stadio Giuseppe Sinigaglia,Como,Italie,https://media.api-sports.io/football/teams/895.png,https://media.api-sports.io/football/teams/505.png,,
135_1223966,Scheduled,0,0,500,495,2027-05-24T16:00:00+00:00,W10=,Bologna,🇮🇹,Genoa,🇮🇹,Serie A,Regular Season - 38,Stadio Renato Dall'Ara,Bologna,Italie,https://media.api-sports.io/football/teams/500.png,https://media.api-sports.io/football/teams/495.png,,
135_1223970,Scheduled,0,0,489,1579,2027-05-24T18:45:00+00:00,W10=,AC Milan,🔴⚫️,Monza,🇮🇹,Serie A,Regular Season - 38,Stadio Giuseppe Meazza,Milano,Italie,https://media.api-sports.io/football/teams/489.png,https://media.api-sports.io/football/teams/1579.png,,
135_1223969,Scheduled,0,0,487,867,2027-05-25T18:45:00+00:00,W10=,Lazio,🇮🇹,Lecce,🇮🇹,Serie A,Regular Season - 38,Stadio Olimpico,Roma,Italie,https://media.api-sports.io/football/teams/487.png,https://media.api-sports.io/football/teams/867.png,,
135_1223973,Scheduled,0,0,494,502,2027-05-25T18:45:00+00:00,W10=,Udinese,🇮🇹,Fiorentina,🇮🇹,Serie A,Regular Season - 38,Bluenergy Stadium,Udine,Italie,https://media.api-sports.io/football/teams/494.png,https://media.api-sports.io/football/teams/502.png,,
135_1223965,Scheduled,0,0,499,523,2027-05-25T18:45:00+00:00,W10=,Atalanta,🇮🇹,Parma,🇮🇹,Serie A,Regular Season - 38,Gewiss Stadium,Bergamo,Italie,https://media.api-sports.io/football/teams/499.png,https://media.api-sports.io/football/teams/523.png,,
135_1223972,Scheduled,0,0,503,497,2027-05-25T18:45:00+00:00,W10=,Torino,🇮🇹,AS Roma,🇮🇹,Serie A,Regular Season - 38,Stadio Olimpico Grande Torino,Torino,Italie,https://media.api-sports.io/football/teams/503.png,https://media.api-sports.io/football/teams/497.png,,
135_1223968,Scheduled,0,0,511,504,2027-05-25T18:45:00+00:00,W10=,Empoli,🇮🇹,Hellas Verona,🇮🇹,Serie A,Regular Season - 38,Stadio Carlo Castellani – Computer Gross Arena,Empoli,Italie,https://media.api-sports.io/football/teams/511.png,https://media.api-sports.io/football/teams/504.png,,
135_1223974,Scheduled,0,0,517,496,2027-05-25T18:45:00+00:00,W10=,Venezia,🇮🇹,Juventus,⚪️⚫️,Serie A,Regular Season - 38,Stadio Pier Luigi Penzo,Venezia,Italie,https://media.api-sports.io/football/teams/517.png,https://media.api-sports.io/football/teams/496.png,,
